record_id,report_date,season,crop,state,district,weather,temperature,rainfall,crop_stage,recommendation,keywords,source_document,chunk_id,page
1,01.04.2025,Rabi,Moong,,,,,,,"monitoring wells show water levels between 0-5 m, while 29.","lakh quintals, groundwater, fertilizers, fertilizer, storage, disease, mustard, whole, water, seeds",01-04-2025_Minutes of the meeting of CWWG as on 01.04.2025.pdf,CWWG_00001,1
2,01.04.2025,Rabi,Sunflower,,,,,,,"monitoring wells show water levels between 0-5 m, while 29.","lakh quintals, groundwater, fertilizers, fertilizer, storage, disease, mustard, whole, water, seeds",01-04-2025_Minutes of the meeting of CWWG as on 01.04.2025.pdf,CWWG_00001,1
3,01.04.2025,Rabi,Soybean,,,,,,,"monitoring wells show water levels between 0-5 m, while 29.","lakh quintals, groundwater, fertilizers, fertilizer, storage, disease, mustard, whole, water, seeds",01-04-2025_Minutes of the meeting of CWWG as on 01.04.2025.pdf,CWWG_00001,1
4,01.04.2025,Rabi,Urad,,,,,,,"monitoring wells show water levels between 0-5 m, while 29.","lakh quintals, groundwater, fertilizers, fertilizer, storage, disease, mustard, whole, water, seeds",01-04-2025_Minutes of the meeting of CWWG as on 01.04.2025.pdf,CWWG_00001,1
5,01.04.2025,Rabi,Gram,,,,,,,"monitoring wells show water levels between 0-5 m, while 29.","lakh quintals, groundwater, fertilizers, fertilizer, storage, disease, mustard, whole, water, seeds",01-04-2025_Minutes of the meeting of CWWG as on 01.04.2025.pdf,CWWG_00001,1
6,01.04.2025,Rabi,Mustard,,,,,,,"monitoring wells show water levels between 0-5 m, while 29.","lakh quintals, groundwater, fertilizers, fertilizer, storage, disease, mustard, whole, water, seeds",01-04-2025_Minutes of the meeting of CWWG as on 01.04.2025.pdf,CWWG_00001,1
7,01.04.2025,Rabi,Groundnut,,,,,,,"monitoring wells show water levels between 0-5 m, while 29.","lakh quintals, groundwater, fertilizers, fertilizer, storage, disease, mustard, whole, water, seeds",01-04-2025_Minutes of the meeting of CWWG as on 01.04.2025.pdf,CWWG_00001,1
8,28.03.2025,Summer,Rice,Maharashtra,,,Temperature,rainfall activity,,No Advisory,"area coverage, summer, crops, moisture, area, rice, lakh, corresponding period, lakh corresponding, reported compared",01-04-2025_Minutes of the meeting of CWWG as on 01.04.2025.pdf,CWWG_00004,6
9,28.03.2025,Summer,Rice,Karnataka,,,Temperature,rainfall activity,,No Advisory,"area coverage, summer, crops, moisture, area, rice, lakh, corresponding period, lakh corresponding, reported compared",01-04-2025_Minutes of the meeting of CWWG as on 01.04.2025.pdf,CWWG_00004,6
10,28.03.2025,Summer,Rice,Haryana,,,Temperature,rainfall activity,,No Advisory,"area coverage, summer, crops, moisture, area, rice, lakh, corresponding period, lakh corresponding, reported compared",01-04-2025_Minutes of the meeting of CWWG as on 01.04.2025.pdf,CWWG_00004,6
11,28.03.2025,Summer,Rice,Punjab,,,Temperature,rainfall activity,,No Advisory,"area coverage, summer, crops, moisture, area, rice, lakh, corresponding period, lakh corresponding, reported compared",01-04-2025_Minutes of the meeting of CWWG as on 01.04.2025.pdf,CWWG_00004,6
12,28.03.2025,Summer,Rice,Gujarat,,,Temperature,rainfall activity,,No Advisory,"area coverage, summer, crops, moisture, area, rice, lakh, corresponding period, lakh corresponding, reported compared",01-04-2025_Minutes of the meeting of CWWG as on 01.04.2025.pdf,CWWG_00004,6
13,28.03.2025,Summer,Rice,Rajasthan,,,Temperature,rainfall activity,,No Advisory,"area coverage, summer, crops, moisture, area, rice, lakh, corresponding period, lakh corresponding, reported compared",01-04-2025_Minutes of the meeting of CWWG as on 01.04.2025.pdf,CWWG_00004,6
14,28.03.2025,Summer,Rice,Tamil Nadu,,,Temperature,rainfall activity,,No Advisory,"area coverage, summer, crops, moisture, area, rice, lakh, corresponding period, lakh corresponding, reported compared",01-04-2025_Minutes of the meeting of CWWG as on 01.04.2025.pdf,CWWG_00004,6
15,28.03.2025,Summer,Rice,Telangana,,,Temperature,rainfall activity,,No Advisory,"area coverage, summer, crops, moisture, area, rice, lakh, corresponding period, lakh corresponding, reported compared",01-04-2025_Minutes of the meeting of CWWG as on 01.04.2025.pdf,CWWG_00004,6
16,28.03.2025,Summer,Rice,Jharkhand,,,Temperature,rainfall activity,,No Advisory,"area coverage, summer, crops, moisture, area, rice, lakh, corresponding period, lakh corresponding, reported compared",01-04-2025_Minutes of the meeting of CWWG as on 01.04.2025.pdf,CWWG_00004,6
17,28.03.2025,Summer,Rice,Bihar,,,Temperature,rainfall activity,,No Advisory,"area coverage, summer, crops, moisture, area, rice, lakh, corresponding period, lakh corresponding, reported compared",01-04-2025_Minutes of the meeting of CWWG as on 01.04.2025.pdf,CWWG_00004,6
18,28.03.2025,Summer,Rice,Chhattisgarh,,,Temperature,rainfall activity,,No Advisory,"area coverage, summer, crops, moisture, area, rice, lakh, corresponding period, lakh corresponding, reported compared",01-04-2025_Minutes of the meeting of CWWG as on 01.04.2025.pdf,CWWG_00004,6
19,28.03.2025,Summer,Rice,West Bengal,,,Temperature,rainfall activity,,No Advisory,"area coverage, summer, crops, moisture, area, rice, lakh, corresponding period, lakh corresponding, reported compared",01-04-2025_Minutes of the meeting of CWWG as on 01.04.2025.pdf,CWWG_00004,6
20,28.03.2025,Summer,Rice,Odisha,,,Temperature,rainfall activity,,No Advisory,"area coverage, summer, crops, moisture, area, rice, lakh, corresponding period, lakh corresponding, reported compared",01-04-2025_Minutes of the meeting of CWWG as on 01.04.2025.pdf,CWWG_00004,6
21,,Summer,Maize,,,,,,,No Advisory,"summer, pulses, crops, jowar, bajra, maize, rice, last year, area, year",01-04-2025_Minutes of the meeting of CWWG as on 01.04.2025.pdf,CWWG_00005,6
22,,Summer,Rice,,,,,,,No Advisory,"summer, pulses, crops, jowar, bajra, maize, rice, last year, area, year",01-04-2025_Minutes of the meeting of CWWG as on 01.04.2025.pdf,CWWG_00005,6
23,,Summer,Sunflower,,,,,,,No Advisory,"summer, pulses, crops, jowar, bajra, maize, rice, last year, area, year",01-04-2025_Minutes of the meeting of CWWG as on 01.04.2025.pdf,CWWG_00005,6
24,,Summer,Bajra,,,,,,,No Advisory,"summer, pulses, crops, jowar, bajra, maize, rice, last year, area, year",01-04-2025_Minutes of the meeting of CWWG as on 01.04.2025.pdf,CWWG_00005,6
25,,Summer,Groundnut,,,,,,,No Advisory,"summer, pulses, crops, jowar, bajra, maize, rice, last year, area, year",01-04-2025_Minutes of the meeting of CWWG as on 01.04.2025.pdf,CWWG_00005,6
26,,Summer,Jowar,,,,,,,No Advisory,"summer, pulses, crops, jowar, bajra, maize, rice, last year, area, year",01-04-2025_Minutes of the meeting of CWWG as on 01.04.2025.pdf,CWWG_00005,6
27,,Summer,Ragi,,,,,,,No Advisory,"summer, pulses, crops, jowar, bajra, maize, rice, last year, area, year",01-04-2025_Minutes of the meeting of CWWG as on 01.04.2025.pdf,CWWG_00005,6
28,28th March,Rabi,Onion,West Bengal,,,,,,No Advisory,"tomato, rabi, producing states, onion, potato, crop, area, major producing, area sown, potato tomato",01-04-2025_Minutes of the meeting of CWWG as on 01.04.2025.pdf,CWWG_00006,6
29,28th March,Rabi,Potato,West Bengal,,,,,,No Advisory,"tomato, rabi, producing states, onion, potato, crop, area, major producing, area sown, potato tomato",01-04-2025_Minutes of the meeting of CWWG as on 01.04.2025.pdf,CWWG_00006,6
30,28th March,Rabi,Tomato,West Bengal,,,,,,No Advisory,"tomato, rabi, producing states, onion, potato, crop, area, major producing, area sown, potato tomato",01-04-2025_Minutes of the meeting of CWWG as on 01.04.2025.pdf,CWWG_00006,6
31,,,Wheat,,,,,,,No Advisory,"commodities variation, variation over, over last, last week, mustard, potato, tomato, onion, wheat, rice",01-04-2025_Minutes of the meeting of CWWG as on 01.04.2025.pdf,CWWG_00009,9
32,,,Rice,,,,,,,No Advisory,"commodities variation, variation over, over last, last week, mustard, potato, tomato, onion, wheat, rice",01-04-2025_Minutes of the meeting of CWWG as on 01.04.2025.pdf,CWWG_00009,9
33,,,Moong,,,,,,,No Advisory,"commodities variation, variation over, over last, last week, mustard, potato, tomato, onion, wheat, rice",01-04-2025_Minutes of the meeting of CWWG as on 01.04.2025.pdf,CWWG_00009,9
34,,,Soybean,,,,,,,No Advisory,"commodities variation, variation over, over last, last week, mustard, potato, tomato, onion, wheat, rice",01-04-2025_Minutes of the meeting of CWWG as on 01.04.2025.pdf,CWWG_00009,9
35,,,Mustard,,,,,,,No Advisory,"commodities variation, variation over, over last, last week, mustard, potato, tomato, onion, wheat, rice",01-04-2025_Minutes of the meeting of CWWG as on 01.04.2025.pdf,CWWG_00009,9
39,,,Potato,,,,,,,No Advisory,"mustard, potato, tomato, pulses, onion, horticulture, seeds, wheat, rice, dal",01-04-2025_Minutes of the meeting of CWWG as on 01.04.2025.pdf,CWWG_00011,9
42,,,Tomato,,,,,,,No Advisory,"mustard, potato, tomato, pulses, onion, horticulture, seeds, wheat, rice, dal",01-04-2025_Minutes of the meeting of CWWG as on 01.04.2025.pdf,CWWG_00011,9
43,,,Sunflower,,,,,,,No Advisory,"mustard, potato, tomato, pulses, onion, horticulture, seeds, wheat, rice, dal",01-04-2025_Minutes of the meeting of CWWG as on 01.04.2025.pdf,CWWG_00011,9
44,,,Onion,,,,,,,No Advisory,"mustard, potato, tomato, pulses, onion, horticulture, seeds, wheat, rice, dal",01-04-2025_Minutes of the meeting of CWWG as on 01.04.2025.pdf,CWWG_00011,9
46,,,Groundnut,,,,,,,No Advisory,"mustard, potato, tomato, pulses, onion, horticulture, seeds, wheat, rice, dal",01-04-2025_Minutes of the meeting of CWWG as on 01.04.2025.pdf,CWWG_00011,9
48,27.03.2025,,Wheat,Madhya Pradesh,,,,,,No Advisory,"harvesting, crop, harvesting going, madhya pradesh, pradesh, crops, west bengal, pulses, wheat, rabi",01-04-2025_Minutes of the meeting of CWWG as on 01.04.2025.pdf,CWWG_00012,9
49,27.03.2025,,Wheat,Karnataka,,,,,,No Advisory,"harvesting, crop, harvesting going, madhya pradesh, pradesh, crops, west bengal, pulses, wheat, rabi",01-04-2025_Minutes of the meeting of CWWG as on 01.04.2025.pdf,CWWG_00012,9
50,27.03.2025,,Wheat,Andhra Pradesh,,,,,,No Advisory,"harvesting, crop, harvesting going, madhya pradesh, pradesh, crops, west bengal, pulses, wheat, rabi",01-04-2025_Minutes of the meeting of CWWG as on 01.04.2025.pdf,CWWG_00012,9
51,27.03.2025,,Wheat,Rajasthan,,,,,,No Advisory,"harvesting, crop, harvesting going, madhya pradesh, pradesh, crops, west bengal, pulses, wheat, rabi",01-04-2025_Minutes of the meeting of CWWG as on 01.04.2025.pdf,CWWG_00012,9
52,27.03.2025,,Wheat,West Bengal,,,,,,No Advisory,"harvesting, crop, harvesting going, madhya pradesh, pradesh, crops, west bengal, pulses, wheat, rabi",01-04-2025_Minutes of the meeting of CWWG as on 01.04.2025.pdf,CWWG_00012,9
53,27.03.2025,,Wheat,Chhattisgarh,,,,,,No Advisory,"harvesting, crop, harvesting going, madhya pradesh, pradesh, crops, west bengal, pulses, wheat, rabi",01-04-2025_Minutes of the meeting of CWWG as on 01.04.2025.pdf,CWWG_00012,9
54,27.03.2025,,Wheat,Uttar Pradesh,,,,,,No Advisory,"harvesting, crop, harvesting going, madhya pradesh, pradesh, crops, west bengal, pulses, wheat, rabi",01-04-2025_Minutes of the meeting of CWWG as on 01.04.2025.pdf,CWWG_00012,9
55,27.03.2025,,Wheat,Gujarat,,,,,,No Advisory,"harvesting, crop, harvesting going, madhya pradesh, pradesh, crops, west bengal, pulses, wheat, rabi",01-04-2025_Minutes of the meeting of CWWG as on 01.04.2025.pdf,CWWG_00012,9
56,27.03.2025,,Wheat,Jharkhand,,,,,,No Advisory,"harvesting, crop, harvesting going, madhya pradesh, pradesh, crops, west bengal, pulses, wheat, rabi",01-04-2025_Minutes of the meeting of CWWG as on 01.04.2025.pdf,CWWG_00012,9
57,27.03.2025,,Wheat,Maharashtra,,,,,,No Advisory,"harvesting, crop, harvesting going, madhya pradesh, pradesh, crops, west bengal, pulses, wheat, rabi",01-04-2025_Minutes of the meeting of CWWG as on 01.04.2025.pdf,CWWG_00012,9
58,27.03.2025,,Wheat,Telangana,,,,,,No Advisory,"harvesting, crop, harvesting going, madhya pradesh, pradesh, crops, west bengal, pulses, wheat, rabi",01-04-2025_Minutes of the meeting of CWWG as on 01.04.2025.pdf,CWWG_00012,9
59,27.03.2025,,Wheat,Assam,,,,,,No Advisory,"harvesting, crop, harvesting going, madhya pradesh, pradesh, crops, west bengal, pulses, wheat, rabi",01-04-2025_Minutes of the meeting of CWWG as on 01.04.2025.pdf,CWWG_00012,9
60,27.03.2025,,Wheat,Haryana,,,,,,No Advisory,"harvesting, crop, harvesting going, madhya pradesh, pradesh, crops, west bengal, pulses, wheat, rabi",01-04-2025_Minutes of the meeting of CWWG as on 01.04.2025.pdf,CWWG_00012,9
61,27.03.2025,,Wheat,Bihar,,,,,,No Advisory,"harvesting, crop, harvesting going, madhya pradesh, pradesh, crops, west bengal, pulses, wheat, rabi",01-04-2025_Minutes of the meeting of CWWG as on 01.04.2025.pdf,CWWG_00012,9
62,27.03.2025,,Wheat,Tripura,,,,,,No Advisory,"harvesting, crop, harvesting going, madhya pradesh, pradesh, crops, west bengal, pulses, wheat, rabi",01-04-2025_Minutes of the meeting of CWWG as on 01.04.2025.pdf,CWWG_00012,9
63,27.03.2025,,Wheat,Tamil Nadu,,,,,,No Advisory,"harvesting, crop, harvesting going, madhya pradesh, pradesh, crops, west bengal, pulses, wheat, rabi",01-04-2025_Minutes of the meeting of CWWG as on 01.04.2025.pdf,CWWG_00012,9
64,27.03.2025,,Wheat,Odisha,,,,,,No Advisory,"harvesting, crop, harvesting going, madhya pradesh, pradesh, crops, west bengal, pulses, wheat, rabi",01-04-2025_Minutes of the meeting of CWWG as on 01.04.2025.pdf,CWWG_00012,9
65,27.03.2025,,Lentil,Madhya Pradesh,,,,,,No Advisory,"harvesting, crop, harvesting going, madhya pradesh, pradesh, crops, west bengal, pulses, wheat, rabi",01-04-2025_Minutes of the meeting of CWWG as on 01.04.2025.pdf,CWWG_00012,9
66,27.03.2025,,Lentil,Karnataka,,,,,,No Advisory,"harvesting, crop, harvesting going, madhya pradesh, pradesh, crops, west bengal, pulses, wheat, rabi",01-04-2025_Minutes of the meeting of CWWG as on 01.04.2025.pdf,CWWG_00012,9
67,27.03.2025,,Lentil,Andhra Pradesh,,,,,,No Advisory,"harvesting, crop, harvesting going, madhya pradesh, pradesh, crops, west bengal, pulses, wheat, rabi",01-04-2025_Minutes of the meeting of CWWG as on 01.04.2025.pdf,CWWG_00012,9
68,27.03.2025,,Lentil,Rajasthan,,,,,,No Advisory,"harvesting, crop, harvesting going, madhya pradesh, pradesh, crops, west bengal, pulses, wheat, rabi",01-04-2025_Minutes of the meeting of CWWG as on 01.04.2025.pdf,CWWG_00012,9
69,27.03.2025,,Lentil,West Bengal,,,,,,No Advisory,"harvesting, crop, harvesting going, madhya pradesh, pradesh, crops, west bengal, pulses, wheat, rabi",01-04-2025_Minutes of the meeting of CWWG as on 01.04.2025.pdf,CWWG_00012,9
70,27.03.2025,,Lentil,Chhattisgarh,,,,,,No Advisory,"harvesting, crop, harvesting going, madhya pradesh, pradesh, crops, west bengal, pulses, wheat, rabi",01-04-2025_Minutes of the meeting of CWWG as on 01.04.2025.pdf,CWWG_00012,9
71,27.03.2025,,Lentil,Uttar Pradesh,,,,,,No Advisory,"harvesting, crop, harvesting going, madhya pradesh, pradesh, crops, west bengal, pulses, wheat, rabi",01-04-2025_Minutes of the meeting of CWWG as on 01.04.2025.pdf,CWWG_00012,9
72,27.03.2025,,Lentil,Gujarat,,,,,,No Advisory,"harvesting, crop, harvesting going, madhya pradesh, pradesh, crops, west bengal, pulses, wheat, rabi",01-04-2025_Minutes of the meeting of CWWG as on 01.04.2025.pdf,CWWG_00012,9
73,27.03.2025,,Lentil,Jharkhand,,,,,,No Advisory,"harvesting, crop, harvesting going, madhya pradesh, pradesh, crops, west bengal, pulses, wheat, rabi",01-04-2025_Minutes of the meeting of CWWG as on 01.04.2025.pdf,CWWG_00012,9
74,27.03.2025,,Lentil,Maharashtra,,,,,,No Advisory,"harvesting, crop, harvesting going, madhya pradesh, pradesh, crops, west bengal, pulses, wheat, rabi",01-04-2025_Minutes of the meeting of CWWG as on 01.04.2025.pdf,CWWG_00012,9
75,27.03.2025,,Lentil,Telangana,,,,,,No Advisory,"harvesting, crop, harvesting going, madhya pradesh, pradesh, crops, west bengal, pulses, wheat, rabi",01-04-2025_Minutes of the meeting of CWWG as on 01.04.2025.pdf,CWWG_00012,9
76,27.03.2025,,Lentil,Assam,,,,,,No Advisory,"harvesting, crop, harvesting going, madhya pradesh, pradesh, crops, west bengal, pulses, wheat, rabi",01-04-2025_Minutes of the meeting of CWWG as on 01.04.2025.pdf,CWWG_00012,9
77,27.03.2025,,Lentil,Haryana,,,,,,No Advisory,"harvesting, crop, harvesting going, madhya pradesh, pradesh, crops, west bengal, pulses, wheat, rabi",01-04-2025_Minutes of the meeting of CWWG as on 01.04.2025.pdf,CWWG_00012,9
78,27.03.2025,,Lentil,Bihar,,,,,,No Advisory,"harvesting, crop, harvesting going, madhya pradesh, pradesh, crops, west bengal, pulses, wheat, rabi",01-04-2025_Minutes of the meeting of CWWG as on 01.04.2025.pdf,CWWG_00012,9
79,27.03.2025,,Lentil,Tripura,,,,,,No Advisory,"harvesting, crop, harvesting going, madhya pradesh, pradesh, crops, west bengal, pulses, wheat, rabi",01-04-2025_Minutes of the meeting of CWWG as on 01.04.2025.pdf,CWWG_00012,9
80,27.03.2025,,Lentil,Tamil Nadu,,,,,,No Advisory,"harvesting, crop, harvesting going, madhya pradesh, pradesh, crops, west bengal, pulses, wheat, rabi",01-04-2025_Minutes of the meeting of CWWG as on 01.04.2025.pdf,CWWG_00012,9
81,27.03.2025,,Lentil,Odisha,,,,,,No Advisory,"harvesting, crop, harvesting going, madhya pradesh, pradesh, crops, west bengal, pulses, wheat, rabi",01-04-2025_Minutes of the meeting of CWWG as on 01.04.2025.pdf,CWWG_00012,9
82,27.03.2025,,Rice,Madhya Pradesh,,,,,,No Advisory,"harvesting, crop, harvesting going, madhya pradesh, pradesh, crops, west bengal, pulses, wheat, rabi",01-04-2025_Minutes of the meeting of CWWG as on 01.04.2025.pdf,CWWG_00012,9
83,27.03.2025,,Rice,Karnataka,,,,,,No Advisory,"harvesting, crop, harvesting going, madhya pradesh, pradesh, crops, west bengal, pulses, wheat, rabi",01-04-2025_Minutes of the meeting of CWWG as on 01.04.2025.pdf,CWWG_00012,9
84,27.03.2025,,Rice,Andhra Pradesh,,,,,,No Advisory,"harvesting, crop, harvesting going, madhya pradesh, pradesh, crops, west bengal, pulses, wheat, rabi",01-04-2025_Minutes of the meeting of CWWG as on 01.04.2025.pdf,CWWG_00012,9
85,27.03.2025,,Rice,Rajasthan,,,,,,No Advisory,"harvesting, crop, harvesting going, madhya pradesh, pradesh, crops, west bengal, pulses, wheat, rabi",01-04-2025_Minutes of the meeting of CWWG as on 01.04.2025.pdf,CWWG_00012,9
86,27.03.2025,,Rice,West Bengal,,,,,,No Advisory,"harvesting, crop, harvesting going, madhya pradesh, pradesh, crops, west bengal, pulses, wheat, rabi",01-04-2025_Minutes of the meeting of CWWG as on 01.04.2025.pdf,CWWG_00012,9
87,27.03.2025,,Rice,Chhattisgarh,,,,,,No Advisory,"harvesting, crop, harvesting going, madhya pradesh, pradesh, crops, west bengal, pulses, wheat, rabi",01-04-2025_Minutes of the meeting of CWWG as on 01.04.2025.pdf,CWWG_00012,9
88,27.03.2025,,Rice,Uttar Pradesh,,,,,,No Advisory,"harvesting, crop, harvesting going, madhya pradesh, pradesh, crops, west bengal, pulses, wheat, rabi",01-04-2025_Minutes of the meeting of CWWG as on 01.04.2025.pdf,CWWG_00012,9
89,27.03.2025,,Rice,Gujarat,,,,,,No Advisory,"harvesting, crop, harvesting going, madhya pradesh, pradesh, crops, west bengal, pulses, wheat, rabi",01-04-2025_Minutes of the meeting of CWWG as on 01.04.2025.pdf,CWWG_00012,9
90,27.03.2025,,Rice,Jharkhand,,,,,,No Advisory,"harvesting, crop, harvesting going, madhya pradesh, pradesh, crops, west bengal, pulses, wheat, rabi",01-04-2025_Minutes of the meeting of CWWG as on 01.04.2025.pdf,CWWG_00012,9
91,27.03.2025,,Rice,Maharashtra,,,,,,No Advisory,"harvesting, crop, harvesting going, madhya pradesh, pradesh, crops, west bengal, pulses, wheat, rabi",01-04-2025_Minutes of the meeting of CWWG as on 01.04.2025.pdf,CWWG_00012,9
92,27.03.2025,,Rice,Telangana,,,,,,No Advisory,"harvesting, crop, harvesting going, madhya pradesh, pradesh, crops, west bengal, pulses, wheat, rabi",01-04-2025_Minutes of the meeting of CWWG as on 01.04.2025.pdf,CWWG_00012,9
93,27.03.2025,,Rice,Assam,,,,,,No Advisory,"harvesting, crop, harvesting going, madhya pradesh, pradesh, crops, west bengal, pulses, wheat, rabi",01-04-2025_Minutes of the meeting of CWWG as on 01.04.2025.pdf,CWWG_00012,9
94,27.03.2025,,Rice,Haryana,,,,,,No Advisory,"harvesting, crop, harvesting going, madhya pradesh, pradesh, crops, west bengal, pulses, wheat, rabi",01-04-2025_Minutes of the meeting of CWWG as on 01.04.2025.pdf,CWWG_00012,9
95,27.03.2025,,Rice,Bihar,,,,,,No Advisory,"harvesting, crop, harvesting going, madhya pradesh, pradesh, crops, west bengal, pulses, wheat, rabi",01-04-2025_Minutes of the meeting of CWWG as on 01.04.2025.pdf,CWWG_00012,9
96,27.03.2025,,Rice,Tripura,,,,,,No Advisory,"harvesting, crop, harvesting going, madhya pradesh, pradesh, crops, west bengal, pulses, wheat, rabi",01-04-2025_Minutes of the meeting of CWWG as on 01.04.2025.pdf,CWWG_00012,9
97,27.03.2025,,Rice,Tamil Nadu,,,,,,No Advisory,"harvesting, crop, harvesting going, madhya pradesh, pradesh, crops, west bengal, pulses, wheat, rabi",01-04-2025_Minutes of the meeting of CWWG as on 01.04.2025.pdf,CWWG_00012,9
98,27.03.2025,,Rice,Odisha,,,,,,No Advisory,"harvesting, crop, harvesting going, madhya pradesh, pradesh, crops, west bengal, pulses, wheat, rabi",01-04-2025_Minutes of the meeting of CWWG as on 01.04.2025.pdf,CWWG_00012,9
99,27.03.2025,,Gram,Madhya Pradesh,,,,,,No Advisory,"harvesting, crop, harvesting going, madhya pradesh, pradesh, crops, west bengal, pulses, wheat, rabi",01-04-2025_Minutes of the meeting of CWWG as on 01.04.2025.pdf,CWWG_00012,9
100,27.03.2025,,Gram,Karnataka,,,,,,No Advisory,"harvesting, crop, harvesting going, madhya pradesh, pradesh, crops, west bengal, pulses, wheat, rabi",01-04-2025_Minutes of the meeting of CWWG as on 01.04.2025.pdf,CWWG_00012,9
101,27.03.2025,,Gram,Andhra Pradesh,,,,,,No Advisory,"harvesting, crop, harvesting going, madhya pradesh, pradesh, crops, west bengal, pulses, wheat, rabi",01-04-2025_Minutes of the meeting of CWWG as on 01.04.2025.pdf,CWWG_00012,9
102,27.03.2025,,Gram,Rajasthan,,,,,,No Advisory,"harvesting, crop, harvesting going, madhya pradesh, pradesh, crops, west bengal, pulses, wheat, rabi",01-04-2025_Minutes of the meeting of CWWG as on 01.04.2025.pdf,CWWG_00012,9
103,27.03.2025,,Gram,West Bengal,,,,,,No Advisory,"harvesting, crop, harvesting going, madhya pradesh, pradesh, crops, west bengal, pulses, wheat, rabi",01-04-2025_Minutes of the meeting of CWWG as on 01.04.2025.pdf,CWWG_00012,9
104,27.03.2025,,Gram,Chhattisgarh,,,,,,No Advisory,"harvesting, crop, harvesting going, madhya pradesh, pradesh, crops, west bengal, pulses, wheat, rabi",01-04-2025_Minutes of the meeting of CWWG as on 01.04.2025.pdf,CWWG_00012,9
105,27.03.2025,,Gram,Uttar Pradesh,,,,,,No Advisory,"harvesting, crop, harvesting going, madhya pradesh, pradesh, crops, west bengal, pulses, wheat, rabi",01-04-2025_Minutes of the meeting of CWWG as on 01.04.2025.pdf,CWWG_00012,9
106,27.03.2025,,Gram,Gujarat,,,,,,No Advisory,"harvesting, crop, harvesting going, madhya pradesh, pradesh, crops, west bengal, pulses, wheat, rabi",01-04-2025_Minutes of the meeting of CWWG as on 01.04.2025.pdf,CWWG_00012,9
107,27.03.2025,,Gram,Jharkhand,,,,,,No Advisory,"harvesting, crop, harvesting going, madhya pradesh, pradesh, crops, west bengal, pulses, wheat, rabi",01-04-2025_Minutes of the meeting of CWWG as on 01.04.2025.pdf,CWWG_00012,9
108,27.03.2025,,Gram,Maharashtra,,,,,,No Advisory,"harvesting, crop, harvesting going, madhya pradesh, pradesh, crops, west bengal, pulses, wheat, rabi",01-04-2025_Minutes of the meeting of CWWG as on 01.04.2025.pdf,CWWG_00012,9
109,27.03.2025,,Gram,Telangana,,,,,,No Advisory,"harvesting, crop, harvesting going, madhya pradesh, pradesh, crops, west bengal, pulses, wheat, rabi",01-04-2025_Minutes of the meeting of CWWG as on 01.04.2025.pdf,CWWG_00012,9
110,27.03.2025,,Gram,Assam,,,,,,No Advisory,"harvesting, crop, harvesting going, madhya pradesh, pradesh, crops, west bengal, pulses, wheat, rabi",01-04-2025_Minutes of the meeting of CWWG as on 01.04.2025.pdf,CWWG_00012,9
111,27.03.2025,,Gram,Haryana,,,,,,No Advisory,"harvesting, crop, harvesting going, madhya pradesh, pradesh, crops, west bengal, pulses, wheat, rabi",01-04-2025_Minutes of the meeting of CWWG as on 01.04.2025.pdf,CWWG_00012,9
112,27.03.2025,,Gram,Bihar,,,,,,No Advisory,"harvesting, crop, harvesting going, madhya pradesh, pradesh, crops, west bengal, pulses, wheat, rabi",01-04-2025_Minutes of the meeting of CWWG as on 01.04.2025.pdf,CWWG_00012,9
113,27.03.2025,,Gram,Tripura,,,,,,No Advisory,"harvesting, crop, harvesting going, madhya pradesh, pradesh, crops, west bengal, pulses, wheat, rabi",01-04-2025_Minutes of the meeting of CWWG as on 01.04.2025.pdf,CWWG_00012,9
114,27.03.2025,,Gram,Tamil Nadu,,,,,,No Advisory,"harvesting, crop, harvesting going, madhya pradesh, pradesh, crops, west bengal, pulses, wheat, rabi",01-04-2025_Minutes of the meeting of CWWG as on 01.04.2025.pdf,CWWG_00012,9
115,27.03.2025,,Gram,Odisha,,,,,,No Advisory,"harvesting, crop, harvesting going, madhya pradesh, pradesh, crops, west bengal, pulses, wheat, rabi",01-04-2025_Minutes of the meeting of CWWG as on 01.04.2025.pdf,CWWG_00012,9
116,,,Maize,Andhra Pradesh,,,,,,No Advisory,"harvesting, harvesting going, harvesting completed, andhra pradesh, tamil nadu, nadu harvesting, going, pradesh, crop, chhattisgarh andhra",01-04-2025_Minutes of the meeting of CWWG as on 01.04.2025.pdf,CWWG_00013,9
117,,,Maize,Chhattisgarh,,,,,,No Advisory,"harvesting, harvesting going, harvesting completed, andhra pradesh, tamil nadu, nadu harvesting, going, pradesh, crop, chhattisgarh andhra",01-04-2025_Minutes of the meeting of CWWG as on 01.04.2025.pdf,CWWG_00013,9
118,,,Maize,Tamil Nadu,,,,,,No Advisory,"harvesting, harvesting going, harvesting completed, andhra pradesh, tamil nadu, nadu harvesting, going, pradesh, crop, chhattisgarh andhra",01-04-2025_Minutes of the meeting of CWWG as on 01.04.2025.pdf,CWWG_00013,9
119,,,Maize,Karnataka,,,,,,No Advisory,"harvesting, harvesting going, harvesting completed, andhra pradesh, tamil nadu, nadu harvesting, going, pradesh, crop, chhattisgarh andhra",01-04-2025_Minutes of the meeting of CWWG as on 01.04.2025.pdf,CWWG_00013,9
120,,,Maize,Maharashtra,,,,,,No Advisory,"harvesting, harvesting going, harvesting completed, andhra pradesh, tamil nadu, nadu harvesting, going, pradesh, crop, chhattisgarh andhra",01-04-2025_Minutes of the meeting of CWWG as on 01.04.2025.pdf,CWWG_00013,9
121,,,Maize,Odisha,,,,,,No Advisory,"harvesting, harvesting going, harvesting completed, andhra pradesh, tamil nadu, nadu harvesting, going, pradesh, crop, chhattisgarh andhra",01-04-2025_Minutes of the meeting of CWWG as on 01.04.2025.pdf,CWWG_00013,9
122,,,Maize,Gujarat,,,,,,No Advisory,"harvesting, harvesting going, harvesting completed, andhra pradesh, tamil nadu, nadu harvesting, going, pradesh, crop, chhattisgarh andhra",01-04-2025_Minutes of the meeting of CWWG as on 01.04.2025.pdf,CWWG_00013,9
123,,,Maize,Telangana,,,,,,No Advisory,"harvesting, harvesting going, harvesting completed, andhra pradesh, tamil nadu, nadu harvesting, going, pradesh, crop, chhattisgarh andhra",01-04-2025_Minutes of the meeting of CWWG as on 01.04.2025.pdf,CWWG_00013,9
124,,,Maize,Madhya Pradesh,,,,,,No Advisory,"harvesting, harvesting going, harvesting completed, andhra pradesh, tamil nadu, nadu harvesting, going, pradesh, crop, chhattisgarh andhra",01-04-2025_Minutes of the meeting of CWWG as on 01.04.2025.pdf,CWWG_00013,9
125,,,Maize,Rajasthan,,,,,,No Advisory,"harvesting, harvesting going, harvesting completed, andhra pradesh, tamil nadu, nadu harvesting, going, pradesh, crop, chhattisgarh andhra",01-04-2025_Minutes of the meeting of CWWG as on 01.04.2025.pdf,CWWG_00013,9
126,,,Maize,Assam,,,,,,No Advisory,"harvesting, harvesting going, harvesting completed, andhra pradesh, tamil nadu, nadu harvesting, going, pradesh, crop, chhattisgarh andhra",01-04-2025_Minutes of the meeting of CWWG as on 01.04.2025.pdf,CWWG_00013,9
127,,,Maize,West Bengal,,,,,,No Advisory,"harvesting, harvesting going, harvesting completed, andhra pradesh, tamil nadu, nadu harvesting, going, pradesh, crop, chhattisgarh andhra",01-04-2025_Minutes of the meeting of CWWG as on 01.04.2025.pdf,CWWG_00013,9
128,,,Barley,Andhra Pradesh,,,,,,No Advisory,"harvesting, harvesting going, harvesting completed, andhra pradesh, tamil nadu, nadu harvesting, going, pradesh, crop, chhattisgarh andhra",01-04-2025_Minutes of the meeting of CWWG as on 01.04.2025.pdf,CWWG_00013,9
129,,,Barley,Chhattisgarh,,,,,,No Advisory,"harvesting, harvesting going, harvesting completed, andhra pradesh, tamil nadu, nadu harvesting, going, pradesh, crop, chhattisgarh andhra",01-04-2025_Minutes of the meeting of CWWG as on 01.04.2025.pdf,CWWG_00013,9
130,,,Barley,Tamil Nadu,,,,,,No Advisory,"harvesting, harvesting going, harvesting completed, andhra pradesh, tamil nadu, nadu harvesting, going, pradesh, crop, chhattisgarh andhra",01-04-2025_Minutes of the meeting of CWWG as on 01.04.2025.pdf,CWWG_00013,9
131,,,Barley,Karnataka,,,,,,No Advisory,"harvesting, harvesting going, harvesting completed, andhra pradesh, tamil nadu, nadu harvesting, going, pradesh, crop, chhattisgarh andhra",01-04-2025_Minutes of the meeting of CWWG as on 01.04.2025.pdf,CWWG_00013,9
132,,,Barley,Maharashtra,,,,,,No Advisory,"harvesting, harvesting going, harvesting completed, andhra pradesh, tamil nadu, nadu harvesting, going, pradesh, crop, chhattisgarh andhra",01-04-2025_Minutes of the meeting of CWWG as on 01.04.2025.pdf,CWWG_00013,9
133,,,Barley,Odisha,,,,,,No Advisory,"harvesting, harvesting going, harvesting completed, andhra pradesh, tamil nadu, nadu harvesting, going, pradesh, crop, chhattisgarh andhra",01-04-2025_Minutes of the meeting of CWWG as on 01.04.2025.pdf,CWWG_00013,9
134,,,Barley,Gujarat,,,,,,No Advisory,"harvesting, harvesting going, harvesting completed, andhra pradesh, tamil nadu, nadu harvesting, going, pradesh, crop, chhattisgarh andhra",01-04-2025_Minutes of the meeting of CWWG as on 01.04.2025.pdf,CWWG_00013,9
135,,,Barley,Telangana,,,,,,No Advisory,"harvesting, harvesting going, harvesting completed, andhra pradesh, tamil nadu, nadu harvesting, going, pradesh, crop, chhattisgarh andhra",01-04-2025_Minutes of the meeting of CWWG as on 01.04.2025.pdf,CWWG_00013,9
136,,,Barley,Madhya Pradesh,,,,,,No Advisory,"harvesting, harvesting going, harvesting completed, andhra pradesh, tamil nadu, nadu harvesting, going, pradesh, crop, chhattisgarh andhra",01-04-2025_Minutes of the meeting of CWWG as on 01.04.2025.pdf,CWWG_00013,9
137,,,Barley,Rajasthan,,,,,,No Advisory,"harvesting, harvesting going, harvesting completed, andhra pradesh, tamil nadu, nadu harvesting, going, pradesh, crop, chhattisgarh andhra",01-04-2025_Minutes of the meeting of CWWG as on 01.04.2025.pdf,CWWG_00013,9
138,,,Barley,Assam,,,,,,No Advisory,"harvesting, harvesting going, harvesting completed, andhra pradesh, tamil nadu, nadu harvesting, going, pradesh, crop, chhattisgarh andhra",01-04-2025_Minutes of the meeting of CWWG as on 01.04.2025.pdf,CWWG_00013,9
139,,,Barley,West Bengal,,,,,,No Advisory,"harvesting, harvesting going, harvesting completed, andhra pradesh, tamil nadu, nadu harvesting, going, pradesh, crop, chhattisgarh andhra",01-04-2025_Minutes of the meeting of CWWG as on 01.04.2025.pdf,CWWG_00013,9
140,,,Jowar,Andhra Pradesh,,,,,,No Advisory,"harvesting, harvesting going, harvesting completed, andhra pradesh, tamil nadu, nadu harvesting, going, pradesh, crop, chhattisgarh andhra",01-04-2025_Minutes of the meeting of CWWG as on 01.04.2025.pdf,CWWG_00013,9
141,,,Jowar,Chhattisgarh,,,,,,No Advisory,"harvesting, harvesting going, harvesting completed, andhra pradesh, tamil nadu, nadu harvesting, going, pradesh, crop, chhattisgarh andhra",01-04-2025_Minutes of the meeting of CWWG as on 01.04.2025.pdf,CWWG_00013,9
142,,,Jowar,Tamil Nadu,,,,,,No Advisory,"harvesting, harvesting going, harvesting completed, andhra pradesh, tamil nadu, nadu harvesting, going, pradesh, crop, chhattisgarh andhra",01-04-2025_Minutes of the meeting of CWWG as on 01.04.2025.pdf,CWWG_00013,9
143,,,Jowar,Karnataka,,,,,,No Advisory,"harvesting, harvesting going, harvesting completed, andhra pradesh, tamil nadu, nadu harvesting, going, pradesh, crop, chhattisgarh andhra",01-04-2025_Minutes of the meeting of CWWG as on 01.04.2025.pdf,CWWG_00013,9
144,,,Jowar,Maharashtra,,,,,,No Advisory,"harvesting, harvesting going, harvesting completed, andhra pradesh, tamil nadu, nadu harvesting, going, pradesh, crop, chhattisgarh andhra",01-04-2025_Minutes of the meeting of CWWG as on 01.04.2025.pdf,CWWG_00013,9
145,,,Jowar,Odisha,,,,,,No Advisory,"harvesting, harvesting going, harvesting completed, andhra pradesh, tamil nadu, nadu harvesting, going, pradesh, crop, chhattisgarh andhra",01-04-2025_Minutes of the meeting of CWWG as on 01.04.2025.pdf,CWWG_00013,9
146,,,Jowar,Gujarat,,,,,,No Advisory,"harvesting, harvesting going, harvesting completed, andhra pradesh, tamil nadu, nadu harvesting, going, pradesh, crop, chhattisgarh andhra",01-04-2025_Minutes of the meeting of CWWG as on 01.04.2025.pdf,CWWG_00013,9
147,,,Jowar,Telangana,,,,,,No Advisory,"harvesting, harvesting going, harvesting completed, andhra pradesh, tamil nadu, nadu harvesting, going, pradesh, crop, chhattisgarh andhra",01-04-2025_Minutes of the meeting of CWWG as on 01.04.2025.pdf,CWWG_00013,9
148,,,Jowar,Madhya Pradesh,,,,,,No Advisory,"harvesting, harvesting going, harvesting completed, andhra pradesh, tamil nadu, nadu harvesting, going, pradesh, crop, chhattisgarh andhra",01-04-2025_Minutes of the meeting of CWWG as on 01.04.2025.pdf,CWWG_00013,9
149,,,Jowar,Rajasthan,,,,,,No Advisory,"harvesting, harvesting going, harvesting completed, andhra pradesh, tamil nadu, nadu harvesting, going, pradesh, crop, chhattisgarh andhra",01-04-2025_Minutes of the meeting of CWWG as on 01.04.2025.pdf,CWWG_00013,9
150,,,Jowar,Assam,,,,,,No Advisory,"harvesting, harvesting going, harvesting completed, andhra pradesh, tamil nadu, nadu harvesting, going, pradesh, crop, chhattisgarh andhra",01-04-2025_Minutes of the meeting of CWWG as on 01.04.2025.pdf,CWWG_00013,9
151,,,Jowar,West Bengal,,,,,,No Advisory,"harvesting, harvesting going, harvesting completed, andhra pradesh, tamil nadu, nadu harvesting, going, pradesh, crop, chhattisgarh andhra",01-04-2025_Minutes of the meeting of CWWG as on 01.04.2025.pdf,CWWG_00013,9
152,,,Sunflower,Maharashtra,,,,,,No Advisory,"harvesting, harvesting going, harvesting completed, maharashtra, tamil nadu, mustard, crops, maharashtra karnataka, swing maharashtra, going maharashtra",01-04-2025_Minutes of the meeting of CWWG as on 01.04.2025.pdf,CWWG_00014,9
153,,,Sunflower,Karnataka,,,,,,No Advisory,"harvesting, harvesting going, harvesting completed, maharashtra, tamil nadu, mustard, crops, maharashtra karnataka, swing maharashtra, going maharashtra",01-04-2025_Minutes of the meeting of CWWG as on 01.04.2025.pdf,CWWG_00014,9
154,,,Sunflower,Andhra Pradesh,,,,,,No Advisory,"harvesting, harvesting going, harvesting completed, maharashtra, tamil nadu, mustard, crops, maharashtra karnataka, swing maharashtra, going maharashtra",01-04-2025_Minutes of the meeting of CWWG as on 01.04.2025.pdf,CWWG_00014,9
155,,,Sunflower,Tamil Nadu,,,,,,No Advisory,"harvesting, harvesting going, harvesting completed, maharashtra, tamil nadu, mustard, crops, maharashtra karnataka, swing maharashtra, going maharashtra",01-04-2025_Minutes of the meeting of CWWG as on 01.04.2025.pdf,CWWG_00014,9
156,,,Sunflower,Madhya Pradesh,,,,,,No Advisory,"harvesting, harvesting going, harvesting completed, maharashtra, tamil nadu, mustard, crops, maharashtra karnataka, swing maharashtra, going maharashtra",01-04-2025_Minutes of the meeting of CWWG as on 01.04.2025.pdf,CWWG_00014,9
157,,,Sunflower,Telangana,,,,,,No Advisory,"harvesting, harvesting going, harvesting completed, maharashtra, tamil nadu, mustard, crops, maharashtra karnataka, swing maharashtra, going maharashtra",01-04-2025_Minutes of the meeting of CWWG as on 01.04.2025.pdf,CWWG_00014,9
158,,,Sunflower,Gujarat,,,,,,No Advisory,"harvesting, harvesting going, harvesting completed, maharashtra, tamil nadu, mustard, crops, maharashtra karnataka, swing maharashtra, going maharashtra",01-04-2025_Minutes of the meeting of CWWG as on 01.04.2025.pdf,CWWG_00014,9
159,,,Sunflower,Chhattisgarh,,,,,,No Advisory,"harvesting, harvesting going, harvesting completed, maharashtra, tamil nadu, mustard, crops, maharashtra karnataka, swing maharashtra, going maharashtra",01-04-2025_Minutes of the meeting of CWWG as on 01.04.2025.pdf,CWWG_00014,9
160,,,Sunflower,West Bengal,,,,,,No Advisory,"harvesting, harvesting going, harvesting completed, maharashtra, tamil nadu, mustard, crops, maharashtra karnataka, swing maharashtra, going maharashtra",01-04-2025_Minutes of the meeting of CWWG as on 01.04.2025.pdf,CWWG_00014,9
161,,,Sunflower,Odisha,,,,,,No Advisory,"harvesting, harvesting going, harvesting completed, maharashtra, tamil nadu, mustard, crops, maharashtra karnataka, swing maharashtra, going maharashtra",01-04-2025_Minutes of the meeting of CWWG as on 01.04.2025.pdf,CWWG_00014,9
162,,,Sunflower,Assam,,,,,,No Advisory,"harvesting, harvesting going, harvesting completed, maharashtra, tamil nadu, mustard, crops, maharashtra karnataka, swing maharashtra, going maharashtra",01-04-2025_Minutes of the meeting of CWWG as on 01.04.2025.pdf,CWWG_00014,9
163,,,Sunflower,Meghalaya,,,,,,No Advisory,"harvesting, harvesting going, harvesting completed, maharashtra, tamil nadu, mustard, crops, maharashtra karnataka, swing maharashtra, going maharashtra",01-04-2025_Minutes of the meeting of CWWG as on 01.04.2025.pdf,CWWG_00014,9
164,,,Groundnut,Maharashtra,,,,,,No Advisory,"harvesting, harvesting going, harvesting completed, maharashtra, tamil nadu, mustard, crops, maharashtra karnataka, swing maharashtra, going maharashtra",01-04-2025_Minutes of the meeting of CWWG as on 01.04.2025.pdf,CWWG_00014,9
165,,,Groundnut,Karnataka,,,,,,No Advisory,"harvesting, harvesting going, harvesting completed, maharashtra, tamil nadu, mustard, crops, maharashtra karnataka, swing maharashtra, going maharashtra",01-04-2025_Minutes of the meeting of CWWG as on 01.04.2025.pdf,CWWG_00014,9
166,,,Groundnut,Andhra Pradesh,,,,,,No Advisory,"harvesting, harvesting going, harvesting completed, maharashtra, tamil nadu, mustard, crops, maharashtra karnataka, swing maharashtra, going maharashtra",01-04-2025_Minutes of the meeting of CWWG as on 01.04.2025.pdf,CWWG_00014,9
167,,,Groundnut,Tamil Nadu,,,,,,No Advisory,"harvesting, harvesting going, harvesting completed, maharashtra, tamil nadu, mustard, crops, maharashtra karnataka, swing maharashtra, going maharashtra",01-04-2025_Minutes of the meeting of CWWG as on 01.04.2025.pdf,CWWG_00014,9
168,,,Groundnut,Madhya Pradesh,,,,,,No Advisory,"harvesting, harvesting going, harvesting completed, maharashtra, tamil nadu, mustard, crops, maharashtra karnataka, swing maharashtra, going maharashtra",01-04-2025_Minutes of the meeting of CWWG as on 01.04.2025.pdf,CWWG_00014,9
169,,,Groundnut,Telangana,,,,,,No Advisory,"harvesting, harvesting going, harvesting completed, maharashtra, tamil nadu, mustard, crops, maharashtra karnataka, swing maharashtra, going maharashtra",01-04-2025_Minutes of the meeting of CWWG as on 01.04.2025.pdf,CWWG_00014,9
170,,,Groundnut,Gujarat,,,,,,No Advisory,"harvesting, harvesting going, harvesting completed, maharashtra, tamil nadu, mustard, crops, maharashtra karnataka, swing maharashtra, going maharashtra",01-04-2025_Minutes of the meeting of CWWG as on 01.04.2025.pdf,CWWG_00014,9
171,,,Groundnut,Chhattisgarh,,,,,,No Advisory,"harvesting, harvesting going, harvesting completed, maharashtra, tamil nadu, mustard, crops, maharashtra karnataka, swing maharashtra, going maharashtra",01-04-2025_Minutes of the meeting of CWWG as on 01.04.2025.pdf,CWWG_00014,9
172,,,Groundnut,West Bengal,,,,,,No Advisory,"harvesting, harvesting going, harvesting completed, maharashtra, tamil nadu, mustard, crops, maharashtra karnataka, swing maharashtra, going maharashtra",01-04-2025_Minutes of the meeting of CWWG as on 01.04.2025.pdf,CWWG_00014,9
173,,,Groundnut,Odisha,,,,,,No Advisory,"harvesting, harvesting going, harvesting completed, maharashtra, tamil nadu, mustard, crops, maharashtra karnataka, swing maharashtra, going maharashtra",01-04-2025_Minutes of the meeting of CWWG as on 01.04.2025.pdf,CWWG_00014,9
174,,,Groundnut,Assam,,,,,,No Advisory,"harvesting, harvesting going, harvesting completed, maharashtra, tamil nadu, mustard, crops, maharashtra karnataka, swing maharashtra, going maharashtra",01-04-2025_Minutes of the meeting of CWWG as on 01.04.2025.pdf,CWWG_00014,9
175,,,Groundnut,Meghalaya,,,,,,No Advisory,"harvesting, harvesting going, harvesting completed, maharashtra, tamil nadu, mustard, crops, maharashtra karnataka, swing maharashtra, going maharashtra",01-04-2025_Minutes of the meeting of CWWG as on 01.04.2025.pdf,CWWG_00014,9
176,,,Linseed,Maharashtra,,,,,,No Advisory,"harvesting, harvesting going, harvesting completed, maharashtra, tamil nadu, mustard, crops, maharashtra karnataka, swing maharashtra, going maharashtra",01-04-2025_Minutes of the meeting of CWWG as on 01.04.2025.pdf,CWWG_00014,9
177,,,Linseed,Karnataka,,,,,,No Advisory,"harvesting, harvesting going, harvesting completed, maharashtra, tamil nadu, mustard, crops, maharashtra karnataka, swing maharashtra, going maharashtra",01-04-2025_Minutes of the meeting of CWWG as on 01.04.2025.pdf,CWWG_00014,9
178,,,Linseed,Andhra Pradesh,,,,,,No Advisory,"harvesting, harvesting going, harvesting completed, maharashtra, tamil nadu, mustard, crops, maharashtra karnataka, swing maharashtra, going maharashtra",01-04-2025_Minutes of the meeting of CWWG as on 01.04.2025.pdf,CWWG_00014,9
179,,,Linseed,Tamil Nadu,,,,,,No Advisory,"harvesting, harvesting going, harvesting completed, maharashtra, tamil nadu, mustard, crops, maharashtra karnataka, swing maharashtra, going maharashtra",01-04-2025_Minutes of the meeting of CWWG as on 01.04.2025.pdf,CWWG_00014,9
180,,,Linseed,Madhya Pradesh,,,,,,No Advisory,"harvesting, harvesting going, harvesting completed, maharashtra, tamil nadu, mustard, crops, maharashtra karnataka, swing maharashtra, going maharashtra",01-04-2025_Minutes of the meeting of CWWG as on 01.04.2025.pdf,CWWG_00014,9
181,,,Linseed,Telangana,,,,,,No Advisory,"harvesting, harvesting going, harvesting completed, maharashtra, tamil nadu, mustard, crops, maharashtra karnataka, swing maharashtra, going maharashtra",01-04-2025_Minutes of the meeting of CWWG as on 01.04.2025.pdf,CWWG_00014,9
182,,,Linseed,Gujarat,,,,,,No Advisory,"harvesting, harvesting going, harvesting completed, maharashtra, tamil nadu, mustard, crops, maharashtra karnataka, swing maharashtra, going maharashtra",01-04-2025_Minutes of the meeting of CWWG as on 01.04.2025.pdf,CWWG_00014,9
183,,,Linseed,Chhattisgarh,,,,,,No Advisory,"harvesting, harvesting going, harvesting completed, maharashtra, tamil nadu, mustard, crops, maharashtra karnataka, swing maharashtra, going maharashtra",01-04-2025_Minutes of the meeting of CWWG as on 01.04.2025.pdf,CWWG_00014,9
184,,,Linseed,West Bengal,,,,,,No Advisory,"harvesting, harvesting going, harvesting completed, maharashtra, tamil nadu, mustard, crops, maharashtra karnataka, swing maharashtra, going maharashtra",01-04-2025_Minutes of the meeting of CWWG as on 01.04.2025.pdf,CWWG_00014,9
185,,,Linseed,Odisha,,,,,,No Advisory,"harvesting, harvesting going, harvesting completed, maharashtra, tamil nadu, mustard, crops, maharashtra karnataka, swing maharashtra, going maharashtra",01-04-2025_Minutes of the meeting of CWWG as on 01.04.2025.pdf,CWWG_00014,9
186,,,Linseed,Assam,,,,,,No Advisory,"harvesting, harvesting going, harvesting completed, maharashtra, tamil nadu, mustard, crops, maharashtra karnataka, swing maharashtra, going maharashtra",01-04-2025_Minutes of the meeting of CWWG as on 01.04.2025.pdf,CWWG_00014,9
187,,,Linseed,Meghalaya,,,,,,No Advisory,"harvesting, harvesting going, harvesting completed, maharashtra, tamil nadu, mustard, crops, maharashtra karnataka, swing maharashtra, going maharashtra",01-04-2025_Minutes of the meeting of CWWG as on 01.04.2025.pdf,CWWG_00014,9
188,,,Safflower,Maharashtra,,,,,,No Advisory,"harvesting, harvesting going, harvesting completed, maharashtra, tamil nadu, mustard, crops, maharashtra karnataka, swing maharashtra, going maharashtra",01-04-2025_Minutes of the meeting of CWWG as on 01.04.2025.pdf,CWWG_00014,9
189,,,Safflower,Karnataka,,,,,,No Advisory,"harvesting, harvesting going, harvesting completed, maharashtra, tamil nadu, mustard, crops, maharashtra karnataka, swing maharashtra, going maharashtra",01-04-2025_Minutes of the meeting of CWWG as on 01.04.2025.pdf,CWWG_00014,9
190,,,Safflower,Andhra Pradesh,,,,,,No Advisory,"harvesting, harvesting going, harvesting completed, maharashtra, tamil nadu, mustard, crops, maharashtra karnataka, swing maharashtra, going maharashtra",01-04-2025_Minutes of the meeting of CWWG as on 01.04.2025.pdf,CWWG_00014,9
191,,,Safflower,Tamil Nadu,,,,,,No Advisory,"harvesting, harvesting going, harvesting completed, maharashtra, tamil nadu, mustard, crops, maharashtra karnataka, swing maharashtra, going maharashtra",01-04-2025_Minutes of the meeting of CWWG as on 01.04.2025.pdf,CWWG_00014,9
192,,,Safflower,Madhya Pradesh,,,,,,No Advisory,"harvesting, harvesting going, harvesting completed, maharashtra, tamil nadu, mustard, crops, maharashtra karnataka, swing maharashtra, going maharashtra",01-04-2025_Minutes of the meeting of CWWG as on 01.04.2025.pdf,CWWG_00014,9
193,,,Safflower,Telangana,,,,,,No Advisory,"harvesting, harvesting going, harvesting completed, maharashtra, tamil nadu, mustard, crops, maharashtra karnataka, swing maharashtra, going maharashtra",01-04-2025_Minutes of the meeting of CWWG as on 01.04.2025.pdf,CWWG_00014,9
194,,,Safflower,Gujarat,,,,,,No Advisory,"harvesting, harvesting going, harvesting completed, maharashtra, tamil nadu, mustard, crops, maharashtra karnataka, swing maharashtra, going maharashtra",01-04-2025_Minutes of the meeting of CWWG as on 01.04.2025.pdf,CWWG_00014,9
195,,,Safflower,Chhattisgarh,,,,,,No Advisory,"harvesting, harvesting going, harvesting completed, maharashtra, tamil nadu, mustard, crops, maharashtra karnataka, swing maharashtra, going maharashtra",01-04-2025_Minutes of the meeting of CWWG as on 01.04.2025.pdf,CWWG_00014,9
196,,,Safflower,West Bengal,,,,,,No Advisory,"harvesting, harvesting going, harvesting completed, maharashtra, tamil nadu, mustard, crops, maharashtra karnataka, swing maharashtra, going maharashtra",01-04-2025_Minutes of the meeting of CWWG as on 01.04.2025.pdf,CWWG_00014,9
197,,,Safflower,Odisha,,,,,,No Advisory,"harvesting, harvesting going, harvesting completed, maharashtra, tamil nadu, mustard, crops, maharashtra karnataka, swing maharashtra, going maharashtra",01-04-2025_Minutes of the meeting of CWWG as on 01.04.2025.pdf,CWWG_00014,9
198,,,Safflower,Assam,,,,,,No Advisory,"harvesting, harvesting going, harvesting completed, maharashtra, tamil nadu, mustard, crops, maharashtra karnataka, swing maharashtra, going maharashtra",01-04-2025_Minutes of the meeting of CWWG as on 01.04.2025.pdf,CWWG_00014,9
199,,,Safflower,Meghalaya,,,,,,No Advisory,"harvesting, harvesting going, harvesting completed, maharashtra, tamil nadu, mustard, crops, maharashtra karnataka, swing maharashtra, going maharashtra",01-04-2025_Minutes of the meeting of CWWG as on 01.04.2025.pdf,CWWG_00014,9
205,26-03-2025,,Urad,,,,,,,No Advisory,"mustard, whole, prices commodities, soyabean sunflower, groundnut mustard, sunflower sesamum, wholesale prices, mustard soyabean, mandi wholesale, commodities msp",01-04-2025_Minutes of the meeting of CWWG as on 01.04.2025.pdf,CWWG_00015,1
213,,,Rice,Haryana,,,,,,monitoring is being carried out.,"rice, pests diseases, lakh quintals, fertilizers, fertilizer, monsoon, kharif, cotton, water, seeds",01-09-2025_Minutes of the meeting of CWWG as on 01.09.2025.pdf,CWWG_00003,1
214,,,Rice,Rajasthan,,,,,,monitoring is being carried out.,"rice, pests diseases, lakh quintals, fertilizers, fertilizer, monsoon, kharif, cotton, water, seeds",01-09-2025_Minutes of the meeting of CWWG as on 01.09.2025.pdf,CWWG_00003,1
215,,,Rice,Assam,,,,,,monitoring is being carried out.,"rice, pests diseases, lakh quintals, fertilizers, fertilizer, monsoon, kharif, cotton, water, seeds",01-09-2025_Minutes of the meeting of CWWG as on 01.09.2025.pdf,CWWG_00003,1
216,,,Cotton,Haryana,,,,,,monitoring is being carried out.,"rice, pests diseases, lakh quintals, fertilizers, fertilizer, monsoon, kharif, cotton, water, seeds",01-09-2025_Minutes of the meeting of CWWG as on 01.09.2025.pdf,CWWG_00003,1
217,,,Cotton,Rajasthan,,,,,,monitoring is being carried out.,"rice, pests diseases, lakh quintals, fertilizers, fertilizer, monsoon, kharif, cotton, water, seeds",01-09-2025_Minutes of the meeting of CWWG as on 01.09.2025.pdf,CWWG_00003,1
218,,,Cotton,Assam,,,,,,monitoring is being carried out.,"rice, pests diseases, lakh quintals, fertilizers, fertilizer, monsoon, kharif, cotton, water, seeds",01-09-2025_Minutes of the meeting of CWWG as on 01.09.2025.pdf,CWWG_00003,1
219,,,Moong,Haryana,,,,,,monitoring is being carried out.,"rice, pests diseases, lakh quintals, fertilizers, fertilizer, monsoon, kharif, cotton, water, seeds",01-09-2025_Minutes of the meeting of CWWG as on 01.09.2025.pdf,CWWG_00003,1
220,,,Moong,Rajasthan,,,,,,monitoring is being carried out.,"rice, pests diseases, lakh quintals, fertilizers, fertilizer, monsoon, kharif, cotton, water, seeds",01-09-2025_Minutes of the meeting of CWWG as on 01.09.2025.pdf,CWWG_00003,1
221,,,Moong,Assam,,,,,,monitoring is being carried out.,"rice, pests diseases, lakh quintals, fertilizers, fertilizer, monsoon, kharif, cotton, water, seeds",01-09-2025_Minutes of the meeting of CWWG as on 01.09.2025.pdf,CWWG_00003,1
227,,,Sugarcane,,,,,,,No Advisory,"area coverage, corresponding period, lakh corresponding, compared lakh, period last, last year, lakh, lakh normal, normal area, kharif",01-09-2025_Minutes of the meeting of CWWG as on 01.09.2025.pdf,CWWG_00007,7
230,,,Cotton,,,,,,,No Advisory,"area coverage, corresponding period, lakh corresponding, compared lakh, period last, last year, lakh, lakh normal, normal area, kharif",01-09-2025_Minutes of the meeting of CWWG as on 01.09.2025.pdf,CWWG_00007,7
233,29.08.2025,,Maize,,,,,,,No Advisory,"crop, kharif, pulses, cotton, jowar, bajra, maize, area, rice, rabi",01-09-2025_Minutes of the meeting of CWWG as on 01.09.2025.pdf,CWWG_00008,7
235,29.08.2025,,Bajra,,,,,,,No Advisory,"crop, kharif, pulses, cotton, jowar, bajra, maize, area, rice, rabi",01-09-2025_Minutes of the meeting of CWWG as on 01.09.2025.pdf,CWWG_00008,7
240,29.08.2025,,Jowar,,,,,,,No Advisory,"crop, kharif, pulses, cotton, jowar, bajra, maize, area, rice, rabi",01-09-2025_Minutes of the meeting of CWWG as on 01.09.2025.pdf,CWWG_00008,7
241,25.07.2025,,Rice,Haryana,Sub District,,,,,recommended insecticides as per label claim.,"disease, crop, pest, rice, area, surveyed area, farmers have, have advised, crop state, surveyed",01-09-2025_Minutes of the meeting of CWWG as on 01.09.2025.pdf,CWWG_00010,9
242,18.08.2025,,Moong,Rajasthan,Churu district,,,,,monitoring is being carried out by all field functionaries as follow up action.,"pest, crop, white grub, cotton, functionaries follow, field functionaries, incidence reported, regular monitoring, monitoring carried, pest incidence",01-09-2025_Minutes of the meeting of CWWG as on 01.09.2025.pdf,CWWG_00012,9
243,18.08.2025,,Moong,Haryana,Churu district,,,,,monitoring is being carried out by all field functionaries as follow up action.,"pest, crop, white grub, cotton, functionaries follow, field functionaries, incidence reported, regular monitoring, monitoring carried, pest incidence",01-09-2025_Minutes of the meeting of CWWG as on 01.09.2025.pdf,CWWG_00012,9
244,18.08.2025,,Cotton,Rajasthan,Churu district,,,,,monitoring is being carried out by all field functionaries as follow up action.,"pest, crop, white grub, cotton, functionaries follow, field functionaries, incidence reported, regular monitoring, monitoring carried, pest incidence",01-09-2025_Minutes of the meeting of CWWG as on 01.09.2025.pdf,CWWG_00012,9
245,18.08.2025,,Cotton,Haryana,Churu district,,,,,monitoring is being carried out by all field functionaries as follow up action.,"pest, crop, white grub, cotton, functionaries follow, field functionaries, incidence reported, regular monitoring, monitoring carried, pest incidence",01-09-2025_Minutes of the meeting of CWWG as on 01.09.2025.pdf,CWWG_00012,9
248,,,Gram,,,,,,,No Advisory,"commodities variation, variation over, over last, last week, mustard, potato, tomato, onion, wheat, rice",01-09-2025_Minutes of the meeting of CWWG as on 01.09.2025.pdf,CWWG_00013,11
263,27-11-2025,,Ragi,,,,,rainfall,,No Advisory,"water, water level, lakh quintals, fertilizers, fertilizer, rainfall, monsoon, kharif, seeds, crops",01-12-2025_Minutes of the meeting of CWWG as on 01.12.2025.pdf,CWWG_00002,1
266,28.11.2025,Rabi,Wheat,,,,,,,No Advisory,"area coverage, mustard, crops, wheat, rabi, lakh, corresponding period, lakh corresponding, reported compared, compared lakh",01-12-2025_Minutes of the meeting of CWWG as on 01.12.2025.pdf,CWWG_00004,6
267,28.11.2025,Rabi,Gram,,,,,,,No Advisory,"area coverage, mustard, crops, wheat, rabi, lakh, corresponding period, lakh corresponding, reported compared, compared lakh",01-12-2025_Minutes of the meeting of CWWG as on 01.12.2025.pdf,CWWG_00004,6
271,,,Barley,,,,,,,No Advisory,"pulses, crops, mustard, wheat, jowar, bajra, maize, rabi, rice, average per",01-12-2025_Minutes of the meeting of CWWG as on 01.12.2025.pdf,CWWG_00005,6
273,,,Lentil,,,,,,,No Advisory,"pulses, crops, mustard, wheat, jowar, bajra, maize, rabi, rice, average per",01-12-2025_Minutes of the meeting of CWWG as on 01.12.2025.pdf,CWWG_00005,6
277,,,Safflower,,,,,,,No Advisory,"pulses, crops, mustard, wheat, jowar, bajra, maize, rabi, rice, average per",01-12-2025_Minutes of the meeting of CWWG as on 01.12.2025.pdf,CWWG_00005,6
284,,,Pigeon Pea,,,,,,,No Advisory,"commodities variation, variation over, over last, last week, mustard, jowar, bajra, wheat, rice, disease",01-12-2025_Minutes of the meeting of CWWG as on 01.12.2025.pdf,CWWG_00008,9
285,30.11.2025,Rabi,Rice,Uttarakhand,,,,,,No Advisory,"procurement, rice, wheat, kharif, crop, crops, rabi, wheat procurement, harvesting, tomato",01-12-2025_Minutes of the meeting of CWWG as on 01.12.2025.pdf,CWWG_00009,10
286,30.11.2025,Rabi,Rice,Punjab,,,,,,No Advisory,"procurement, rice, wheat, kharif, crop, crops, rabi, wheat procurement, harvesting, tomato",01-12-2025_Minutes of the meeting of CWWG as on 01.12.2025.pdf,CWWG_00009,10
287,30.11.2025,Rabi,Rice,Rajasthan,,,,,,No Advisory,"procurement, rice, wheat, kharif, crop, crops, rabi, wheat procurement, harvesting, tomato",01-12-2025_Minutes of the meeting of CWWG as on 01.12.2025.pdf,CWWG_00009,10
288,30.11.2025,Rabi,Wheat,Uttarakhand,,,,,,No Advisory,"procurement, rice, wheat, kharif, crop, crops, rabi, wheat procurement, harvesting, tomato",01-12-2025_Minutes of the meeting of CWWG as on 01.12.2025.pdf,CWWG_00009,10
289,30.11.2025,Rabi,Wheat,Punjab,,,,,,No Advisory,"procurement, rice, wheat, kharif, crop, crops, rabi, wheat procurement, harvesting, tomato",01-12-2025_Minutes of the meeting of CWWG as on 01.12.2025.pdf,CWWG_00009,10
290,30.11.2025,Rabi,Wheat,Rajasthan,,,,,,No Advisory,"procurement, rice, wheat, kharif, crop, crops, rabi, wheat procurement, harvesting, tomato",01-12-2025_Minutes of the meeting of CWWG as on 01.12.2025.pdf,CWWG_00009,10
291,,,Bajra,Madhya Pradesh,,,,,,No Advisory,"harvested, already harvested, madhya pradesh, has already, pradesh, etc has, pulses, jowar, uttar pradesh, harvesting",01-12-2025_Minutes of the meeting of CWWG as on 01.12.2025.pdf,CWWG_00010,10
292,,,Bajra,Uttar Pradesh,,,,,,No Advisory,"harvested, already harvested, madhya pradesh, has already, pradesh, etc has, pulses, jowar, uttar pradesh, harvesting",01-12-2025_Minutes of the meeting of CWWG as on 01.12.2025.pdf,CWWG_00010,10
293,,,Bajra,Karnataka,,,,,,No Advisory,"harvested, already harvested, madhya pradesh, has already, pradesh, etc has, pulses, jowar, uttar pradesh, harvesting",01-12-2025_Minutes of the meeting of CWWG as on 01.12.2025.pdf,CWWG_00010,10
294,,,Bajra,Chhattisgarh,,,,,,No Advisory,"harvested, already harvested, madhya pradesh, has already, pradesh, etc has, pulses, jowar, uttar pradesh, harvesting",01-12-2025_Minutes of the meeting of CWWG as on 01.12.2025.pdf,CWWG_00010,10
295,,,Bajra,Maharashtra,,,,,,No Advisory,"harvested, already harvested, madhya pradesh, has already, pradesh, etc has, pulses, jowar, uttar pradesh, harvesting",01-12-2025_Minutes of the meeting of CWWG as on 01.12.2025.pdf,CWWG_00010,10
296,,,Bajra,Odisha,,,,,,No Advisory,"harvested, already harvested, madhya pradesh, has already, pradesh, etc has, pulses, jowar, uttar pradesh, harvesting",01-12-2025_Minutes of the meeting of CWWG as on 01.12.2025.pdf,CWWG_00010,10
297,,,Bajra,Gujarat,,,,,,No Advisory,"harvested, already harvested, madhya pradesh, has already, pradesh, etc has, pulses, jowar, uttar pradesh, harvesting",01-12-2025_Minutes of the meeting of CWWG as on 01.12.2025.pdf,CWWG_00010,10
298,,,Bajra,Tamil Nadu,,,,,,No Advisory,"harvested, already harvested, madhya pradesh, has already, pradesh, etc has, pulses, jowar, uttar pradesh, harvesting",01-12-2025_Minutes of the meeting of CWWG as on 01.12.2025.pdf,CWWG_00010,10
299,,,Bajra,Telangana,,,,,,No Advisory,"harvested, already harvested, madhya pradesh, has already, pradesh, etc has, pulses, jowar, uttar pradesh, harvesting",01-12-2025_Minutes of the meeting of CWWG as on 01.12.2025.pdf,CWWG_00010,10
300,,,Bajra,Haryana,,,,,,No Advisory,"harvested, already harvested, madhya pradesh, has already, pradesh, etc has, pulses, jowar, uttar pradesh, harvesting",01-12-2025_Minutes of the meeting of CWWG as on 01.12.2025.pdf,CWWG_00010,10
301,,,Bajra,Rajasthan,,,,,,No Advisory,"harvested, already harvested, madhya pradesh, has already, pradesh, etc has, pulses, jowar, uttar pradesh, harvesting",01-12-2025_Minutes of the meeting of CWWG as on 01.12.2025.pdf,CWWG_00010,10
302,,,Bajra,Jharkhand,,,,,,No Advisory,"harvested, already harvested, madhya pradesh, has already, pradesh, etc has, pulses, jowar, uttar pradesh, harvesting",01-12-2025_Minutes of the meeting of CWWG as on 01.12.2025.pdf,CWWG_00010,10
303,,,Bajra,Assam,,,,,,No Advisory,"harvested, already harvested, madhya pradesh, has already, pradesh, etc has, pulses, jowar, uttar pradesh, harvesting",01-12-2025_Minutes of the meeting of CWWG as on 01.12.2025.pdf,CWWG_00010,10
304,,,Bajra,Uttarakhand,,,,,,No Advisory,"harvested, already harvested, madhya pradesh, has already, pradesh, etc has, pulses, jowar, uttar pradesh, harvesting",01-12-2025_Minutes of the meeting of CWWG as on 01.12.2025.pdf,CWWG_00010,10
305,,,Bajra,Andhra Pradesh,,,,,,No Advisory,"harvested, already harvested, madhya pradesh, has already, pradesh, etc has, pulses, jowar, uttar pradesh, harvesting",01-12-2025_Minutes of the meeting of CWWG as on 01.12.2025.pdf,CWWG_00010,10
306,,,Bajra,West Bengal,,,,,,No Advisory,"harvested, already harvested, madhya pradesh, has already, pradesh, etc has, pulses, jowar, uttar pradesh, harvesting",01-12-2025_Minutes of the meeting of CWWG as on 01.12.2025.pdf,CWWG_00010,10
307,,,Bajra,Bihar,,,,,,No Advisory,"harvested, already harvested, madhya pradesh, has already, pradesh, etc has, pulses, jowar, uttar pradesh, harvesting",01-12-2025_Minutes of the meeting of CWWG as on 01.12.2025.pdf,CWWG_00010,10
308,,,Bajra,Nagaland,,,,,,No Advisory,"harvested, already harvested, madhya pradesh, has already, pradesh, etc has, pulses, jowar, uttar pradesh, harvesting",01-12-2025_Minutes of the meeting of CWWG as on 01.12.2025.pdf,CWWG_00010,10
309,,,Soybean,Maharashtra,,,,,,No Advisory,"has harvested, pradesh, etc has, harvested, tamil nadu, karnataka maharashtra, madhya pradesh, andhra pradesh, has, telangana uttar",01-12-2025_Minutes of the meeting of CWWG as on 01.12.2025.pdf,CWWG_00011,10
310,,,Soybean,Madhya Pradesh,,,,,,No Advisory,"has harvested, pradesh, etc has, harvested, tamil nadu, karnataka maharashtra, madhya pradesh, andhra pradesh, has, telangana uttar",01-12-2025_Minutes of the meeting of CWWG as on 01.12.2025.pdf,CWWG_00011,10
311,,,Soybean,Andhra Pradesh,,,,,,No Advisory,"has harvested, pradesh, etc has, harvested, tamil nadu, karnataka maharashtra, madhya pradesh, andhra pradesh, has, telangana uttar",01-12-2025_Minutes of the meeting of CWWG as on 01.12.2025.pdf,CWWG_00011,10
312,,,Soybean,Karnataka,,,,,,No Advisory,"has harvested, pradesh, etc has, harvested, tamil nadu, karnataka maharashtra, madhya pradesh, andhra pradesh, has, telangana uttar",01-12-2025_Minutes of the meeting of CWWG as on 01.12.2025.pdf,CWWG_00011,10
313,,,Soybean,Tamil Nadu,,,,,,No Advisory,"has harvested, pradesh, etc has, harvested, tamil nadu, karnataka maharashtra, madhya pradesh, andhra pradesh, has, telangana uttar",01-12-2025_Minutes of the meeting of CWWG as on 01.12.2025.pdf,CWWG_00011,10
314,,,Soybean,Uttar Pradesh,,,,,,No Advisory,"has harvested, pradesh, etc has, harvested, tamil nadu, karnataka maharashtra, madhya pradesh, andhra pradesh, has, telangana uttar",01-12-2025_Minutes of the meeting of CWWG as on 01.12.2025.pdf,CWWG_00011,10
315,,,Soybean,Gujarat,,,,,,No Advisory,"has harvested, pradesh, etc has, harvested, tamil nadu, karnataka maharashtra, madhya pradesh, andhra pradesh, has, telangana uttar",01-12-2025_Minutes of the meeting of CWWG as on 01.12.2025.pdf,CWWG_00011,10
316,,,Soybean,Chhattisgarh,,,,,,No Advisory,"has harvested, pradesh, etc has, harvested, tamil nadu, karnataka maharashtra, madhya pradesh, andhra pradesh, has, telangana uttar",01-12-2025_Minutes of the meeting of CWWG as on 01.12.2025.pdf,CWWG_00011,10
317,,,Soybean,Telangana,,,,,,No Advisory,"has harvested, pradesh, etc has, harvested, tamil nadu, karnataka maharashtra, madhya pradesh, andhra pradesh, has, telangana uttar",01-12-2025_Minutes of the meeting of CWWG as on 01.12.2025.pdf,CWWG_00011,10
318,,,Soybean,Bihar,,,,,,No Advisory,"has harvested, pradesh, etc has, harvested, tamil nadu, karnataka maharashtra, madhya pradesh, andhra pradesh, has, telangana uttar",01-12-2025_Minutes of the meeting of CWWG as on 01.12.2025.pdf,CWWG_00011,10
319,,,Soybean,Rajasthan,,,,,,No Advisory,"has harvested, pradesh, etc has, harvested, tamil nadu, karnataka maharashtra, madhya pradesh, andhra pradesh, has, telangana uttar",01-12-2025_Minutes of the meeting of CWWG as on 01.12.2025.pdf,CWWG_00011,10
320,,,Soybean,Odisha,,,,,,No Advisory,"has harvested, pradesh, etc has, harvested, tamil nadu, karnataka maharashtra, madhya pradesh, andhra pradesh, has, telangana uttar",01-12-2025_Minutes of the meeting of CWWG as on 01.12.2025.pdf,CWWG_00011,10
321,,,Soybean,Haryana,,,,,,No Advisory,"has harvested, pradesh, etc has, harvested, tamil nadu, karnataka maharashtra, madhya pradesh, andhra pradesh, has, telangana uttar",01-12-2025_Minutes of the meeting of CWWG as on 01.12.2025.pdf,CWWG_00011,10
322,,,Soybean,Uttarakhand,,,,,,No Advisory,"has harvested, pradesh, etc has, harvested, tamil nadu, karnataka maharashtra, madhya pradesh, andhra pradesh, has, telangana uttar",01-12-2025_Minutes of the meeting of CWWG as on 01.12.2025.pdf,CWWG_00011,10
323,,,Soybean,Himachal Pradesh,,,,,,No Advisory,"has harvested, pradesh, etc has, harvested, tamil nadu, karnataka maharashtra, madhya pradesh, andhra pradesh, has, telangana uttar",01-12-2025_Minutes of the meeting of CWWG as on 01.12.2025.pdf,CWWG_00011,10
324,,,Soybean,Jharkhand,,,,,,No Advisory,"has harvested, pradesh, etc has, harvested, tamil nadu, karnataka maharashtra, madhya pradesh, andhra pradesh, has, telangana uttar",01-12-2025_Minutes of the meeting of CWWG as on 01.12.2025.pdf,CWWG_00011,10
330,,,Sunflower,Uttar Pradesh,,,,,,No Advisory,"has harvested, pradesh, etc has, harvested, tamil nadu, karnataka maharashtra, madhya pradesh, andhra pradesh, has, telangana uttar",01-12-2025_Minutes of the meeting of CWWG as on 01.12.2025.pdf,CWWG_00011,10
334,,,Sunflower,Bihar,,,,,,No Advisory,"has harvested, pradesh, etc has, harvested, tamil nadu, karnataka maharashtra, madhya pradesh, andhra pradesh, has, telangana uttar",01-12-2025_Minutes of the meeting of CWWG as on 01.12.2025.pdf,CWWG_00011,10
335,,,Sunflower,Rajasthan,,,,,,No Advisory,"has harvested, pradesh, etc has, harvested, tamil nadu, karnataka maharashtra, madhya pradesh, andhra pradesh, has, telangana uttar",01-12-2025_Minutes of the meeting of CWWG as on 01.12.2025.pdf,CWWG_00011,10
337,,,Sunflower,Haryana,,,,,,No Advisory,"has harvested, pradesh, etc has, harvested, tamil nadu, karnataka maharashtra, madhya pradesh, andhra pradesh, has, telangana uttar",01-12-2025_Minutes of the meeting of CWWG as on 01.12.2025.pdf,CWWG_00011,10
338,,,Sunflower,Uttarakhand,,,,,,No Advisory,"has harvested, pradesh, etc has, harvested, tamil nadu, karnataka maharashtra, madhya pradesh, andhra pradesh, has, telangana uttar",01-12-2025_Minutes of the meeting of CWWG as on 01.12.2025.pdf,CWWG_00011,10
339,,,Sunflower,Himachal Pradesh,,,,,,No Advisory,"has harvested, pradesh, etc has, harvested, tamil nadu, karnataka maharashtra, madhya pradesh, andhra pradesh, has, telangana uttar",01-12-2025_Minutes of the meeting of CWWG as on 01.12.2025.pdf,CWWG_00011,10
340,,,Sunflower,Jharkhand,,,,,,No Advisory,"has harvested, pradesh, etc has, harvested, tamil nadu, karnataka maharashtra, madhya pradesh, andhra pradesh, has, telangana uttar",01-12-2025_Minutes of the meeting of CWWG as on 01.12.2025.pdf,CWWG_00011,10
346,,,Maize,Uttar Pradesh,,,,,,No Advisory,"has harvested, pradesh, etc has, harvested, tamil nadu, karnataka maharashtra, madhya pradesh, andhra pradesh, has, telangana uttar",01-12-2025_Minutes of the meeting of CWWG as on 01.12.2025.pdf,CWWG_00011,10
350,,,Maize,Bihar,,,,,,No Advisory,"has harvested, pradesh, etc has, harvested, tamil nadu, karnataka maharashtra, madhya pradesh, andhra pradesh, has, telangana uttar",01-12-2025_Minutes of the meeting of CWWG as on 01.12.2025.pdf,CWWG_00011,10
353,,,Maize,Haryana,,,,,,No Advisory,"has harvested, pradesh, etc has, harvested, tamil nadu, karnataka maharashtra, madhya pradesh, andhra pradesh, has, telangana uttar",01-12-2025_Minutes of the meeting of CWWG as on 01.12.2025.pdf,CWWG_00011,10
354,,,Maize,Uttarakhand,,,,,,No Advisory,"has harvested, pradesh, etc has, harvested, tamil nadu, karnataka maharashtra, madhya pradesh, andhra pradesh, has, telangana uttar",01-12-2025_Minutes of the meeting of CWWG as on 01.12.2025.pdf,CWWG_00011,10
355,,,Maize,Himachal Pradesh,,,,,,No Advisory,"has harvested, pradesh, etc has, harvested, tamil nadu, karnataka maharashtra, madhya pradesh, andhra pradesh, has, telangana uttar",01-12-2025_Minutes of the meeting of CWWG as on 01.12.2025.pdf,CWWG_00011,10
356,,,Maize,Jharkhand,,,,,,No Advisory,"has harvested, pradesh, etc has, harvested, tamil nadu, karnataka maharashtra, madhya pradesh, andhra pradesh, has, telangana uttar",01-12-2025_Minutes of the meeting of CWWG as on 01.12.2025.pdf,CWWG_00011,10
371,,,Bajra,Himachal Pradesh,,,,,,No Advisory,"has harvested, pradesh, etc has, harvested, tamil nadu, karnataka maharashtra, madhya pradesh, andhra pradesh, has, telangana uttar",01-12-2025_Minutes of the meeting of CWWG as on 01.12.2025.pdf,CWWG_00011,10
378,,,Groundnut,Uttar Pradesh,,,,,,No Advisory,"has harvested, pradesh, etc has, harvested, tamil nadu, karnataka maharashtra, madhya pradesh, andhra pradesh, has, telangana uttar",01-12-2025_Minutes of the meeting of CWWG as on 01.12.2025.pdf,CWWG_00011,10
382,,,Groundnut,Bihar,,,,,,No Advisory,"has harvested, pradesh, etc has, harvested, tamil nadu, karnataka maharashtra, madhya pradesh, andhra pradesh, has, telangana uttar",01-12-2025_Minutes of the meeting of CWWG as on 01.12.2025.pdf,CWWG_00011,10
383,,,Groundnut,Rajasthan,,,,,,No Advisory,"has harvested, pradesh, etc has, harvested, tamil nadu, karnataka maharashtra, madhya pradesh, andhra pradesh, has, telangana uttar",01-12-2025_Minutes of the meeting of CWWG as on 01.12.2025.pdf,CWWG_00011,10
385,,,Groundnut,Haryana,,,,,,No Advisory,"has harvested, pradesh, etc has, harvested, tamil nadu, karnataka maharashtra, madhya pradesh, andhra pradesh, has, telangana uttar",01-12-2025_Minutes of the meeting of CWWG as on 01.12.2025.pdf,CWWG_00011,10
386,,,Groundnut,Uttarakhand,,,,,,No Advisory,"has harvested, pradesh, etc has, harvested, tamil nadu, karnataka maharashtra, madhya pradesh, andhra pradesh, has, telangana uttar",01-12-2025_Minutes of the meeting of CWWG as on 01.12.2025.pdf,CWWG_00011,10
387,,,Groundnut,Himachal Pradesh,,,,,,No Advisory,"has harvested, pradesh, etc has, harvested, tamil nadu, karnataka maharashtra, madhya pradesh, andhra pradesh, has, telangana uttar",01-12-2025_Minutes of the meeting of CWWG as on 01.12.2025.pdf,CWWG_00011,10
388,,,Groundnut,Jharkhand,,,,,,No Advisory,"has harvested, pradesh, etc has, harvested, tamil nadu, karnataka maharashtra, madhya pradesh, andhra pradesh, has, telangana uttar",01-12-2025_Minutes of the meeting of CWWG as on 01.12.2025.pdf,CWWG_00011,10
389,,,Ragi,Maharashtra,,,,,,No Advisory,"has harvested, pradesh, etc has, harvested, tamil nadu, karnataka maharashtra, madhya pradesh, andhra pradesh, has, telangana uttar",01-12-2025_Minutes of the meeting of CWWG as on 01.12.2025.pdf,CWWG_00011,10
390,,,Ragi,Madhya Pradesh,,,,,,No Advisory,"has harvested, pradesh, etc has, harvested, tamil nadu, karnataka maharashtra, madhya pradesh, andhra pradesh, has, telangana uttar",01-12-2025_Minutes of the meeting of CWWG as on 01.12.2025.pdf,CWWG_00011,10
391,,,Ragi,Andhra Pradesh,,,,,,No Advisory,"has harvested, pradesh, etc has, harvested, tamil nadu, karnataka maharashtra, madhya pradesh, andhra pradesh, has, telangana uttar",01-12-2025_Minutes of the meeting of CWWG as on 01.12.2025.pdf,CWWG_00011,10
392,,,Ragi,Karnataka,,,,,,No Advisory,"has harvested, pradesh, etc has, harvested, tamil nadu, karnataka maharashtra, madhya pradesh, andhra pradesh, has, telangana uttar",01-12-2025_Minutes of the meeting of CWWG as on 01.12.2025.pdf,CWWG_00011,10
393,,,Ragi,Tamil Nadu,,,,,,No Advisory,"has harvested, pradesh, etc has, harvested, tamil nadu, karnataka maharashtra, madhya pradesh, andhra pradesh, has, telangana uttar",01-12-2025_Minutes of the meeting of CWWG as on 01.12.2025.pdf,CWWG_00011,10
394,,,Ragi,Uttar Pradesh,,,,,,No Advisory,"has harvested, pradesh, etc has, harvested, tamil nadu, karnataka maharashtra, madhya pradesh, andhra pradesh, has, telangana uttar",01-12-2025_Minutes of the meeting of CWWG as on 01.12.2025.pdf,CWWG_00011,10
395,,,Ragi,Gujarat,,,,,,No Advisory,"has harvested, pradesh, etc has, harvested, tamil nadu, karnataka maharashtra, madhya pradesh, andhra pradesh, has, telangana uttar",01-12-2025_Minutes of the meeting of CWWG as on 01.12.2025.pdf,CWWG_00011,10
396,,,Ragi,Chhattisgarh,,,,,,No Advisory,"has harvested, pradesh, etc has, harvested, tamil nadu, karnataka maharashtra, madhya pradesh, andhra pradesh, has, telangana uttar",01-12-2025_Minutes of the meeting of CWWG as on 01.12.2025.pdf,CWWG_00011,10
397,,,Ragi,Telangana,,,,,,No Advisory,"has harvested, pradesh, etc has, harvested, tamil nadu, karnataka maharashtra, madhya pradesh, andhra pradesh, has, telangana uttar",01-12-2025_Minutes of the meeting of CWWG as on 01.12.2025.pdf,CWWG_00011,10
398,,,Ragi,Bihar,,,,,,No Advisory,"has harvested, pradesh, etc has, harvested, tamil nadu, karnataka maharashtra, madhya pradesh, andhra pradesh, has, telangana uttar",01-12-2025_Minutes of the meeting of CWWG as on 01.12.2025.pdf,CWWG_00011,10
399,,,Ragi,Rajasthan,,,,,,No Advisory,"has harvested, pradesh, etc has, harvested, tamil nadu, karnataka maharashtra, madhya pradesh, andhra pradesh, has, telangana uttar",01-12-2025_Minutes of the meeting of CWWG as on 01.12.2025.pdf,CWWG_00011,10
400,,,Ragi,Odisha,,,,,,No Advisory,"has harvested, pradesh, etc has, harvested, tamil nadu, karnataka maharashtra, madhya pradesh, andhra pradesh, has, telangana uttar",01-12-2025_Minutes of the meeting of CWWG as on 01.12.2025.pdf,CWWG_00011,10
401,,,Ragi,Haryana,,,,,,No Advisory,"has harvested, pradesh, etc has, harvested, tamil nadu, karnataka maharashtra, madhya pradesh, andhra pradesh, has, telangana uttar",01-12-2025_Minutes of the meeting of CWWG as on 01.12.2025.pdf,CWWG_00011,10
402,,,Ragi,Uttarakhand,,,,,,No Advisory,"has harvested, pradesh, etc has, harvested, tamil nadu, karnataka maharashtra, madhya pradesh, andhra pradesh, has, telangana uttar",01-12-2025_Minutes of the meeting of CWWG as on 01.12.2025.pdf,CWWG_00011,10
403,,,Ragi,Himachal Pradesh,,,,,,No Advisory,"has harvested, pradesh, etc has, harvested, tamil nadu, karnataka maharashtra, madhya pradesh, andhra pradesh, has, telangana uttar",01-12-2025_Minutes of the meeting of CWWG as on 01.12.2025.pdf,CWWG_00011,10
404,,,Ragi,Jharkhand,,,,,,No Advisory,"has harvested, pradesh, etc has, harvested, tamil nadu, karnataka maharashtra, madhya pradesh, andhra pradesh, has, telangana uttar",01-12-2025_Minutes of the meeting of CWWG as on 01.12.2025.pdf,CWWG_00011,10
405,,,Cotton,Madhya Pradesh,,,,,,No Advisory,"harvested, pradesh, has, madhya pradesh, has harvested, has completed, harvesting, etc has, cotton, andhra pradesh",01-12-2025_Minutes of the meeting of CWWG as on 01.12.2025.pdf,CWWG_00012,10
406,,,Cotton,Andhra Pradesh,,,,,,No Advisory,"harvested, pradesh, has, madhya pradesh, has harvested, has completed, harvesting, etc has, cotton, andhra pradesh",01-12-2025_Minutes of the meeting of CWWG as on 01.12.2025.pdf,CWWG_00012,10
407,,,Cotton,Maharashtra,,,,,,No Advisory,"harvested, pradesh, has, madhya pradesh, has harvested, has completed, harvesting, etc has, cotton, andhra pradesh",01-12-2025_Minutes of the meeting of CWWG as on 01.12.2025.pdf,CWWG_00012,10
408,,,Cotton,Rajasthan,,,,,,No Advisory,"harvested, pradesh, has, madhya pradesh, has harvested, has completed, harvesting, etc has, cotton, andhra pradesh",01-12-2025_Minutes of the meeting of CWWG as on 01.12.2025.pdf,CWWG_00012,10
409,,,Cotton,Chhattisgarh,,,,,,No Advisory,"harvested, pradesh, has, madhya pradesh, has harvested, has completed, harvesting, etc has, cotton, andhra pradesh",01-12-2025_Minutes of the meeting of CWWG as on 01.12.2025.pdf,CWWG_00012,10
410,,,Cotton,Karnataka,,,,,,No Advisory,"harvested, pradesh, has, madhya pradesh, has harvested, has completed, harvesting, etc has, cotton, andhra pradesh",01-12-2025_Minutes of the meeting of CWWG as on 01.12.2025.pdf,CWWG_00012,10
411,,,Cotton,Gujarat,,,,,,No Advisory,"harvested, pradesh, has, madhya pradesh, has harvested, has completed, harvesting, etc has, cotton, andhra pradesh",01-12-2025_Minutes of the meeting of CWWG as on 01.12.2025.pdf,CWWG_00012,10
412,,,Cotton,Uttar Pradesh,,,,,,No Advisory,"harvested, pradesh, has, madhya pradesh, has harvested, has completed, harvesting, etc has, cotton, andhra pradesh",01-12-2025_Minutes of the meeting of CWWG as on 01.12.2025.pdf,CWWG_00012,10
413,,,Cotton,Tamil Nadu,,,,,,No Advisory,"harvested, pradesh, has, madhya pradesh, has harvested, has completed, harvesting, etc has, cotton, andhra pradesh",01-12-2025_Minutes of the meeting of CWWG as on 01.12.2025.pdf,CWWG_00012,10
414,,,Cotton,Telangana,,,,,,No Advisory,"harvested, pradesh, has, madhya pradesh, has harvested, has completed, harvesting, etc has, cotton, andhra pradesh",01-12-2025_Minutes of the meeting of CWWG as on 01.12.2025.pdf,CWWG_00012,10
415,,,Cotton,Punjab,,,,,,No Advisory,"harvested, pradesh, has, madhya pradesh, has harvested, has completed, harvesting, etc has, cotton, andhra pradesh",01-12-2025_Minutes of the meeting of CWWG as on 01.12.2025.pdf,CWWG_00012,10
416,,,Cotton,Haryana,,,,,,No Advisory,"harvested, pradesh, has, madhya pradesh, has harvested, has completed, harvesting, etc has, cotton, andhra pradesh",01-12-2025_Minutes of the meeting of CWWG as on 01.12.2025.pdf,CWWG_00012,10
417,,,Cotton,Uttarakhand,,,,,,No Advisory,"harvested, pradesh, has, madhya pradesh, has harvested, has completed, harvesting, etc has, cotton, andhra pradesh",01-12-2025_Minutes of the meeting of CWWG as on 01.12.2025.pdf,CWWG_00012,10
418,,,Cotton,Odisha,,,,,,No Advisory,"harvested, pradesh, has, madhya pradesh, has harvested, has completed, harvesting, etc has, cotton, andhra pradesh",01-12-2025_Minutes of the meeting of CWWG as on 01.12.2025.pdf,CWWG_00012,10
419,,,Cotton,Jharkhand,,,,,,No Advisory,"harvested, pradesh, has, madhya pradesh, has harvested, has completed, harvesting, etc has, cotton, andhra pradesh",01-12-2025_Minutes of the meeting of CWWG as on 01.12.2025.pdf,CWWG_00012,10
420,,,Cotton,Bihar,,,,,,No Advisory,"harvested, pradesh, has, madhya pradesh, has harvested, has completed, harvesting, etc has, cotton, andhra pradesh",01-12-2025_Minutes of the meeting of CWWG as on 01.12.2025.pdf,CWWG_00012,10
421,,,Cotton,West Bengal,,,,,,No Advisory,"harvested, pradesh, has, madhya pradesh, has harvested, has completed, harvesting, etc has, cotton, andhra pradesh",01-12-2025_Minutes of the meeting of CWWG as on 01.12.2025.pdf,CWWG_00012,10
422,,,Sugarcane,Madhya Pradesh,,,,,,No Advisory,"harvested, pradesh, has, madhya pradesh, has harvested, has completed, harvesting, etc has, cotton, andhra pradesh",01-12-2025_Minutes of the meeting of CWWG as on 01.12.2025.pdf,CWWG_00012,10
423,,,Sugarcane,Andhra Pradesh,,,,,,No Advisory,"harvested, pradesh, has, madhya pradesh, has harvested, has completed, harvesting, etc has, cotton, andhra pradesh",01-12-2025_Minutes of the meeting of CWWG as on 01.12.2025.pdf,CWWG_00012,10
424,,,Sugarcane,Maharashtra,,,,,,No Advisory,"harvested, pradesh, has, madhya pradesh, has harvested, has completed, harvesting, etc has, cotton, andhra pradesh",01-12-2025_Minutes of the meeting of CWWG as on 01.12.2025.pdf,CWWG_00012,10
425,,,Sugarcane,Rajasthan,,,,,,No Advisory,"harvested, pradesh, has, madhya pradesh, has harvested, has completed, harvesting, etc has, cotton, andhra pradesh",01-12-2025_Minutes of the meeting of CWWG as on 01.12.2025.pdf,CWWG_00012,10
426,,,Sugarcane,Chhattisgarh,,,,,,No Advisory,"harvested, pradesh, has, madhya pradesh, has harvested, has completed, harvesting, etc has, cotton, andhra pradesh",01-12-2025_Minutes of the meeting of CWWG as on 01.12.2025.pdf,CWWG_00012,10
427,,,Sugarcane,Karnataka,,,,,,No Advisory,"harvested, pradesh, has, madhya pradesh, has harvested, has completed, harvesting, etc has, cotton, andhra pradesh",01-12-2025_Minutes of the meeting of CWWG as on 01.12.2025.pdf,CWWG_00012,10
428,,,Sugarcane,Gujarat,,,,,,No Advisory,"harvested, pradesh, has, madhya pradesh, has harvested, has completed, harvesting, etc has, cotton, andhra pradesh",01-12-2025_Minutes of the meeting of CWWG as on 01.12.2025.pdf,CWWG_00012,10
429,,,Sugarcane,Uttar Pradesh,,,,,,No Advisory,"harvested, pradesh, has, madhya pradesh, has harvested, has completed, harvesting, etc has, cotton, andhra pradesh",01-12-2025_Minutes of the meeting of CWWG as on 01.12.2025.pdf,CWWG_00012,10
430,,,Sugarcane,Tamil Nadu,,,,,,No Advisory,"harvested, pradesh, has, madhya pradesh, has harvested, has completed, harvesting, etc has, cotton, andhra pradesh",01-12-2025_Minutes of the meeting of CWWG as on 01.12.2025.pdf,CWWG_00012,10
431,,,Sugarcane,Telangana,,,,,,No Advisory,"harvested, pradesh, has, madhya pradesh, has harvested, has completed, harvesting, etc has, cotton, andhra pradesh",01-12-2025_Minutes of the meeting of CWWG as on 01.12.2025.pdf,CWWG_00012,10
432,,,Sugarcane,Punjab,,,,,,No Advisory,"harvested, pradesh, has, madhya pradesh, has harvested, has completed, harvesting, etc has, cotton, andhra pradesh",01-12-2025_Minutes of the meeting of CWWG as on 01.12.2025.pdf,CWWG_00012,10
433,,,Sugarcane,Haryana,,,,,,No Advisory,"harvested, pradesh, has, madhya pradesh, has harvested, has completed, harvesting, etc has, cotton, andhra pradesh",01-12-2025_Minutes of the meeting of CWWG as on 01.12.2025.pdf,CWWG_00012,10
434,,,Sugarcane,Uttarakhand,,,,,,No Advisory,"harvested, pradesh, has, madhya pradesh, has harvested, has completed, harvesting, etc has, cotton, andhra pradesh",01-12-2025_Minutes of the meeting of CWWG as on 01.12.2025.pdf,CWWG_00012,10
435,,,Sugarcane,Odisha,,,,,,No Advisory,"harvested, pradesh, has, madhya pradesh, has harvested, has completed, harvesting, etc has, cotton, andhra pradesh",01-12-2025_Minutes of the meeting of CWWG as on 01.12.2025.pdf,CWWG_00012,10
436,,,Sugarcane,Jharkhand,,,,,,No Advisory,"harvested, pradesh, has, madhya pradesh, has harvested, has completed, harvesting, etc has, cotton, andhra pradesh",01-12-2025_Minutes of the meeting of CWWG as on 01.12.2025.pdf,CWWG_00012,10
437,,,Sugarcane,Bihar,,,,,,No Advisory,"harvested, pradesh, has, madhya pradesh, has harvested, has completed, harvesting, etc has, cotton, andhra pradesh",01-12-2025_Minutes of the meeting of CWWG as on 01.12.2025.pdf,CWWG_00012,10
438,,,Sugarcane,West Bengal,,,,,,No Advisory,"harvested, pradesh, has, madhya pradesh, has harvested, has completed, harvesting, etc has, cotton, andhra pradesh",01-12-2025_Minutes of the meeting of CWWG as on 01.12.2025.pdf,CWWG_00012,10
449,,,Soybean,Punjab,,,,,,No Advisory,"harvested, pradesh, has, madhya pradesh, has harvested, has completed, harvesting, etc has, cotton, andhra pradesh",01-12-2025_Minutes of the meeting of CWWG as on 01.12.2025.pdf,CWWG_00012,10
455,,,Soybean,West Bengal,,,,,,No Advisory,"harvested, pradesh, has, madhya pradesh, has harvested, has completed, harvesting, etc has, cotton, andhra pradesh",01-12-2025_Minutes of the meeting of CWWG as on 01.12.2025.pdf,CWWG_00012,10
466,,,Sunflower,Punjab,,,,,,No Advisory,"harvested, pradesh, has, madhya pradesh, has harvested, has completed, harvesting, etc has, cotton, andhra pradesh",01-12-2025_Minutes of the meeting of CWWG as on 01.12.2025.pdf,CWWG_00012,10
473,,,Castor,Madhya Pradesh,,,,,,No Advisory,"harvested, pradesh, has, madhya pradesh, has harvested, has completed, harvesting, etc has, cotton, andhra pradesh",01-12-2025_Minutes of the meeting of CWWG as on 01.12.2025.pdf,CWWG_00012,10
474,,,Castor,Andhra Pradesh,,,,,,No Advisory,"harvested, pradesh, has, madhya pradesh, has harvested, has completed, harvesting, etc has, cotton, andhra pradesh",01-12-2025_Minutes of the meeting of CWWG as on 01.12.2025.pdf,CWWG_00012,10
475,,,Castor,Maharashtra,,,,,,No Advisory,"harvested, pradesh, has, madhya pradesh, has harvested, has completed, harvesting, etc has, cotton, andhra pradesh",01-12-2025_Minutes of the meeting of CWWG as on 01.12.2025.pdf,CWWG_00012,10
476,,,Castor,Rajasthan,,,,,,No Advisory,"harvested, pradesh, has, madhya pradesh, has harvested, has completed, harvesting, etc has, cotton, andhra pradesh",01-12-2025_Minutes of the meeting of CWWG as on 01.12.2025.pdf,CWWG_00012,10
477,,,Castor,Chhattisgarh,,,,,,No Advisory,"harvested, pradesh, has, madhya pradesh, has harvested, has completed, harvesting, etc has, cotton, andhra pradesh",01-12-2025_Minutes of the meeting of CWWG as on 01.12.2025.pdf,CWWG_00012,10
478,,,Castor,Karnataka,,,,,,No Advisory,"harvested, pradesh, has, madhya pradesh, has harvested, has completed, harvesting, etc has, cotton, andhra pradesh",01-12-2025_Minutes of the meeting of CWWG as on 01.12.2025.pdf,CWWG_00012,10
479,,,Castor,Gujarat,,,,,,No Advisory,"harvested, pradesh, has, madhya pradesh, has harvested, has completed, harvesting, etc has, cotton, andhra pradesh",01-12-2025_Minutes of the meeting of CWWG as on 01.12.2025.pdf,CWWG_00012,10
480,,,Castor,Uttar Pradesh,,,,,,No Advisory,"harvested, pradesh, has, madhya pradesh, has harvested, has completed, harvesting, etc has, cotton, andhra pradesh",01-12-2025_Minutes of the meeting of CWWG as on 01.12.2025.pdf,CWWG_00012,10
481,,,Castor,Tamil Nadu,,,,,,No Advisory,"harvested, pradesh, has, madhya pradesh, has harvested, has completed, harvesting, etc has, cotton, andhra pradesh",01-12-2025_Minutes of the meeting of CWWG as on 01.12.2025.pdf,CWWG_00012,10
482,,,Castor,Telangana,,,,,,No Advisory,"harvested, pradesh, has, madhya pradesh, has harvested, has completed, harvesting, etc has, cotton, andhra pradesh",01-12-2025_Minutes of the meeting of CWWG as on 01.12.2025.pdf,CWWG_00012,10
483,,,Castor,Punjab,,,,,,No Advisory,"harvested, pradesh, has, madhya pradesh, has harvested, has completed, harvesting, etc has, cotton, andhra pradesh",01-12-2025_Minutes of the meeting of CWWG as on 01.12.2025.pdf,CWWG_00012,10
484,,,Castor,Haryana,,,,,,No Advisory,"harvested, pradesh, has, madhya pradesh, has harvested, has completed, harvesting, etc has, cotton, andhra pradesh",01-12-2025_Minutes of the meeting of CWWG as on 01.12.2025.pdf,CWWG_00012,10
485,,,Castor,Uttarakhand,,,,,,No Advisory,"harvested, pradesh, has, madhya pradesh, has harvested, has completed, harvesting, etc has, cotton, andhra pradesh",01-12-2025_Minutes of the meeting of CWWG as on 01.12.2025.pdf,CWWG_00012,10
486,,,Castor,Odisha,,,,,,No Advisory,"harvested, pradesh, has, madhya pradesh, has harvested, has completed, harvesting, etc has, cotton, andhra pradesh",01-12-2025_Minutes of the meeting of CWWG as on 01.12.2025.pdf,CWWG_00012,10
487,,,Castor,Jharkhand,,,,,,No Advisory,"harvested, pradesh, has, madhya pradesh, has harvested, has completed, harvesting, etc has, cotton, andhra pradesh",01-12-2025_Minutes of the meeting of CWWG as on 01.12.2025.pdf,CWWG_00012,10
488,,,Castor,Bihar,,,,,,No Advisory,"harvested, pradesh, has, madhya pradesh, has harvested, has completed, harvesting, etc has, cotton, andhra pradesh",01-12-2025_Minutes of the meeting of CWWG as on 01.12.2025.pdf,CWWG_00012,10
489,,,Castor,West Bengal,,,,,,No Advisory,"harvested, pradesh, has, madhya pradesh, has harvested, has completed, harvesting, etc has, cotton, andhra pradesh",01-12-2025_Minutes of the meeting of CWWG as on 01.12.2025.pdf,CWWG_00012,10
490,02.06.2025,Rabi,Rice,,,,,,,"monitoring wells show water levels between 0-5 m, while 29.","lakh quintals, groundwater, fertilizers, fertilizer, storage, disease, whole, water, seeds, crops",02-06-2025_Minutes of the meeting of CWWG as on 02.06.2025.pdf,CWWG_00001,1
505,May,Rabi,Onion,Maharashtra,District officers,,,,,No Advisory,"area, area sown, onion, rabi, tomato, potato, crop, producing states, major producing, horticulture",02-06-2025_Minutes of the meeting of CWWG as on 02.06.2025.pdf,CWWG_00006,8
506,May,Rabi,Onion,West Bengal,District officers,,,,,No Advisory,"area, area sown, onion, rabi, tomato, potato, crop, producing states, major producing, horticulture",02-06-2025_Minutes of the meeting of CWWG as on 02.06.2025.pdf,CWWG_00006,8
507,May,Rabi,Potato,Maharashtra,District officers,,,,,No Advisory,"area, area sown, onion, rabi, tomato, potato, crop, producing states, major producing, horticulture",02-06-2025_Minutes of the meeting of CWWG as on 02.06.2025.pdf,CWWG_00006,8
508,May,Rabi,Potato,West Bengal,District officers,,,,,No Advisory,"area, area sown, onion, rabi, tomato, potato, crop, producing states, major producing, horticulture",02-06-2025_Minutes of the meeting of CWWG as on 02.06.2025.pdf,CWWG_00006,8
509,May,Rabi,Tomato,Maharashtra,District officers,,,,,No Advisory,"area, area sown, onion, rabi, tomato, potato, crop, producing states, major producing, horticulture",02-06-2025_Minutes of the meeting of CWWG as on 02.06.2025.pdf,CWWG_00006,8
510,May,Rabi,Tomato,West Bengal,District officers,,,,,No Advisory,"area, area sown, onion, rabi, tomato, potato, crop, producing states, major producing, horticulture",02-06-2025_Minutes of the meeting of CWWG as on 02.06.2025.pdf,CWWG_00006,8
524,,,Linseed,,,,,,,No Advisory,"harvesting has, has completed, completed states, harvesting, completed, has, states, mustard, pulses, jowar",02-06-2025_Minutes of the meeting of CWWG as on 02.06.2025.pdf,CWWG_00011,12
527,31.01.2025,Rabi,Onion,,,,,,,No Advisory,"lakh, area, area lakh, rabi, lakh lakh, mustard, crops, wheat, jowar, sowing status",03-02-2025_Minutes of the meeting of CWWG as on 03.02.2025.pdf,CWWG_00001,1
528,31.01.2025,Rabi,Mustard,,,,,,,No Advisory,"lakh, area, area lakh, rabi, lakh lakh, mustard, crops, wheat, jowar, sowing status",03-02-2025_Minutes of the meeting of CWWG as on 03.02.2025.pdf,CWWG_00001,1
529,31.01.2025,Rabi,Tomato,,,,,,,No Advisory,"lakh, area, area lakh, rabi, lakh lakh, mustard, crops, wheat, jowar, sowing status",03-02-2025_Minutes of the meeting of CWWG as on 03.02.2025.pdf,CWWG_00001,1
530,31.01.2025,Rabi,Potato,,,,,,,No Advisory,"lakh, area, area lakh, rabi, lakh lakh, mustard, crops, wheat, jowar, sowing status",03-02-2025_Minutes of the meeting of CWWG as on 03.02.2025.pdf,CWWG_00001,1
531,31.01.2025,Rabi,Jowar,,,,,,,No Advisory,"lakh, area, area lakh, rabi, lakh lakh, mustard, crops, wheat, jowar, sowing status",03-02-2025_Minutes of the meeting of CWWG as on 03.02.2025.pdf,CWWG_00001,1
548,,Rabi,Onion,Madhya Pradesh,,,,,,No Advisory,"rabi, moisture, fertilizer, pradesh, onion, producing states, major producing, madhya pradesh, soil moisture, fertilizers",03-02-2025_Minutes of the meeting of CWWG as on 03.02.2025.pdf,CWWG_00010,1
549,,Rabi,Onion,Maharashtra,,,,,,No Advisory,"rabi, moisture, fertilizer, pradesh, onion, producing states, major producing, madhya pradesh, soil moisture, fertilizers",03-02-2025_Minutes of the meeting of CWWG as on 03.02.2025.pdf,CWWG_00010,1
550,,Rabi,Onion,Andhra Pradesh,,,,,,No Advisory,"rabi, moisture, fertilizer, pradesh, onion, producing states, major producing, madhya pradesh, soil moisture, fertilizers",03-02-2025_Minutes of the meeting of CWWG as on 03.02.2025.pdf,CWWG_00010,1
551,,Rabi,Onion,Tamil Nadu,,,,,,No Advisory,"rabi, moisture, fertilizer, pradesh, onion, producing states, major producing, madhya pradesh, soil moisture, fertilizers",03-02-2025_Minutes of the meeting of CWWG as on 03.02.2025.pdf,CWWG_00010,1
552,,Rabi,Onion,Haryana,,,,,,No Advisory,"rabi, moisture, fertilizer, pradesh, onion, producing states, major producing, madhya pradesh, soil moisture, fertilizers",03-02-2025_Minutes of the meeting of CWWG as on 03.02.2025.pdf,CWWG_00010,1
553,,Rabi,Onion,Bihar,,,,,,No Advisory,"rabi, moisture, fertilizer, pradesh, onion, producing states, major producing, madhya pradesh, soil moisture, fertilizers",03-02-2025_Minutes of the meeting of CWWG as on 03.02.2025.pdf,CWWG_00010,1
554,,Rabi,Onion,Karnataka,,,,,,No Advisory,"rabi, moisture, fertilizer, pradesh, onion, producing states, major producing, madhya pradesh, soil moisture, fertilizers",03-02-2025_Minutes of the meeting of CWWG as on 03.02.2025.pdf,CWWG_00010,1
555,,Rabi,Onion,Rajasthan,,,,,,No Advisory,"rabi, moisture, fertilizer, pradesh, onion, producing states, major producing, madhya pradesh, soil moisture, fertilizers",03-02-2025_Minutes of the meeting of CWWG as on 03.02.2025.pdf,CWWG_00010,1
556,,Rabi,Onion,Uttar Pradesh,,,,,,No Advisory,"rabi, moisture, fertilizer, pradesh, onion, producing states, major producing, madhya pradesh, soil moisture, fertilizers",03-02-2025_Minutes of the meeting of CWWG as on 03.02.2025.pdf,CWWG_00010,1
557,,Rabi,Onion,Punjab,,,,,,No Advisory,"rabi, moisture, fertilizer, pradesh, onion, producing states, major producing, madhya pradesh, soil moisture, fertilizers",03-02-2025_Minutes of the meeting of CWWG as on 03.02.2025.pdf,CWWG_00010,1
558,,Rabi,Onion,Gujarat,,,,,,No Advisory,"rabi, moisture, fertilizer, pradesh, onion, producing states, major producing, madhya pradesh, soil moisture, fertilizers",03-02-2025_Minutes of the meeting of CWWG as on 03.02.2025.pdf,CWWG_00010,1
559,,Rabi,Onion,Telangana,,,,,,No Advisory,"rabi, moisture, fertilizer, pradesh, onion, producing states, major producing, madhya pradesh, soil moisture, fertilizers",03-02-2025_Minutes of the meeting of CWWG as on 03.02.2025.pdf,CWWG_00010,1
561,,Rabi,Onion,Odisha,,,,,,No Advisory,"rabi, moisture, fertilizer, pradesh, onion, producing states, major producing, madhya pradesh, soil moisture, fertilizers",03-02-2025_Minutes of the meeting of CWWG as on 03.02.2025.pdf,CWWG_00010,1
574,02.02.2025,Kharif,Rice,,,,,,,No Advisory,"rice, kms, procurement, rice kms, kharif, crop, cumulative corresponding, paddy procurement, procurement terms, procurement kms",03-02-2025_Minutes of the meeting of CWWG as on 03.02.2025.pdf,CWWG_00013,1
639,31.01.2025,,Jowar,Tripura,,,,,,No Advisory,"harvesting, maturity harvesting, harvesting stage, crop maturity, crop, stage, maturity, pulses, wheat, harvesting started",03-03-2025_Minutes of the meeting of CWWG as on 03.03.2025.pdf,CWWG_00013,10
643,,,Barley,Uttar Pradesh,,,,,,No Advisory,"filling maturity, maturity stage, grain filling, crop grain, harvesting, crop, harvesting started, started karnataka, tamil nadu, maturity",03-03-2025_Minutes of the meeting of CWWG as on 03.03.2025.pdf,CWWG_00014,10
683,,,Linseed,Uttar Pradesh,,,,,,No Advisory,"filling maturity, maturity stage, grain filling, crop grain, harvesting, crop, harvesting started, started karnataka, tamil nadu, maturity",03-03-2025_Minutes of the meeting of CWWG as on 03.03.2025.pdf,CWWG_00014,10
686,,,Linseed,Rajasthan,,,,,,No Advisory,"filling maturity, maturity stage, grain filling, crop grain, harvesting, crop, harvesting started, started karnataka, tamil nadu, maturity",03-03-2025_Minutes of the meeting of CWWG as on 03.03.2025.pdf,CWWG_00014,10
691,,,Safflower,Uttar Pradesh,,,,,,No Advisory,"filling maturity, maturity stage, grain filling, crop grain, harvesting, crop, harvesting started, started karnataka, tamil nadu, maturity",03-03-2025_Minutes of the meeting of CWWG as on 03.03.2025.pdf,CWWG_00014,10
694,,,Safflower,Rajasthan,,,,,,No Advisory,"filling maturity, maturity stage, grain filling, crop grain, harvesting, crop, harvesting started, started karnataka, tamil nadu, maturity",03-03-2025_Minutes of the meeting of CWWG as on 03.03.2025.pdf,CWWG_00014,10
704,31-10-2025,,Rice,Jharkhand,,,,,,monitoring is being carried out.,"pests diseases, crops, wheat, maize, jowar, bajra, rice, economic threshold, wholesale prices, intensity pests",03-11-2025_Minutes of the meeting of CWWG as on 03.11.2025.pdf,CWWG_00002,1
705,31-10-2025,,Maize,Jharkhand,,,,,,monitoring is being carried out.,"pests diseases, crops, wheat, maize, jowar, bajra, rice, economic threshold, wholesale prices, intensity pests",03-11-2025_Minutes of the meeting of CWWG as on 03.11.2025.pdf,CWWG_00002,1
706,31-10-2025,,Moong,Jharkhand,,,,,,monitoring is being carried out.,"pests diseases, crops, wheat, maize, jowar, bajra, rice, economic threshold, wholesale prices, intensity pests",03-11-2025_Minutes of the meeting of CWWG as on 03.11.2025.pdf,CWWG_00002,1
707,31-10-2025,,Bajra,Jharkhand,,,,,,monitoring is being carried out.,"pests diseases, crops, wheat, maize, jowar, bajra, rice, economic threshold, wholesale prices, intensity pests",03-11-2025_Minutes of the meeting of CWWG as on 03.11.2025.pdf,CWWG_00002,1
708,31-10-2025,,Sunflower,Jharkhand,,,,,,monitoring is being carried out.,"pests diseases, crops, wheat, maize, jowar, bajra, rice, economic threshold, wholesale prices, intensity pests",03-11-2025_Minutes of the meeting of CWWG as on 03.11.2025.pdf,CWWG_00002,1
709,31-10-2025,,Wheat,Jharkhand,,,,,,monitoring is being carried out.,"pests diseases, crops, wheat, maize, jowar, bajra, rice, economic threshold, wholesale prices, intensity pests",03-11-2025_Minutes of the meeting of CWWG as on 03.11.2025.pdf,CWWG_00002,1
710,31-10-2025,,Soybean,Jharkhand,,,,,,monitoring is being carried out.,"pests diseases, crops, wheat, maize, jowar, bajra, rice, economic threshold, wholesale prices, intensity pests",03-11-2025_Minutes of the meeting of CWWG as on 03.11.2025.pdf,CWWG_00002,1
711,31-10-2025,,Gram,Jharkhand,,,,,,monitoring is being carried out.,"pests diseases, crops, wheat, maize, jowar, bajra, rice, economic threshold, wholesale prices, intensity pests",03-11-2025_Minutes of the meeting of CWWG as on 03.11.2025.pdf,CWWG_00002,1
712,31-10-2025,,Urad,Jharkhand,,,,,,monitoring is being carried out.,"pests diseases, crops, wheat, maize, jowar, bajra, rice, economic threshold, wholesale prices, intensity pests",03-11-2025_Minutes of the meeting of CWWG as on 03.11.2025.pdf,CWWG_00002,1
713,31-10-2025,,Ragi,Jharkhand,,,,,,monitoring is being carried out.,"pests diseases, crops, wheat, maize, jowar, bajra, rice, economic threshold, wholesale prices, intensity pests",03-11-2025_Minutes of the meeting of CWWG as on 03.11.2025.pdf,CWWG_00002,1
716,02.11.2025,,Rice,Punjab,,,,,,No Advisory,"procurement, rice, wheat, kharif, crop, crops, rabi, wheat procurement, harvesting, progressive",03-11-2025_Minutes of the meeting of CWWG as on 03.11.2025.pdf,CWWG_00006,10
724,02.11.2025,,Rice,Nagaland,,,,,,No Advisory,"procurement, rice, wheat, kharif, crop, crops, rabi, wheat procurement, harvesting, progressive",03-11-2025_Minutes of the meeting of CWWG as on 03.11.2025.pdf,CWWG_00006,10
727,02.11.2025,,Wheat,Punjab,,,,,,No Advisory,"procurement, rice, wheat, kharif, crop, crops, rabi, wheat procurement, harvesting, progressive",03-11-2025_Minutes of the meeting of CWWG as on 03.11.2025.pdf,CWWG_00006,10
735,02.11.2025,,Wheat,Nagaland,,,,,,No Advisory,"procurement, rice, wheat, kharif, crop, crops, rabi, wheat procurement, harvesting, progressive",03-11-2025_Minutes of the meeting of CWWG as on 03.11.2025.pdf,CWWG_00006,10
759,,,Jowar,Uttar Pradesh,,,,,,No Advisory,"harvested, already harvested, uttar pradesh, pradesh etc, has already, tamil nadu, pulses, pradesh, bajra, jowar",03-11-2025_Minutes of the meeting of CWWG as on 03.11.2025.pdf,CWWG_00007,10
765,,,Jowar,Bihar,,,,,,No Advisory,"harvested, already harvested, uttar pradesh, pradesh etc, has already, tamil nadu, pulses, pradesh, bajra, jowar",03-11-2025_Minutes of the meeting of CWWG as on 03.11.2025.pdf,CWWG_00007,10
767,,,Jowar,Haryana,,,,,,No Advisory,"harvested, already harvested, uttar pradesh, pradesh etc, has already, tamil nadu, pulses, pradesh, bajra, jowar",03-11-2025_Minutes of the meeting of CWWG as on 03.11.2025.pdf,CWWG_00007,10
783,,,Sesame,Andhra Pradesh,,,,,,No Advisory,"pradesh, already harvested, andhra pradesh, uttar pradesh, has already, tamil nadu, harvesting, harvested, maize, has",03-11-2025_Minutes of the meeting of CWWG as on 03.11.2025.pdf,CWWG_00008,10
784,,,Sesame,Uttar Pradesh,,,,,,No Advisory,"pradesh, already harvested, andhra pradesh, uttar pradesh, has already, tamil nadu, harvesting, harvested, maize, has",03-11-2025_Minutes of the meeting of CWWG as on 03.11.2025.pdf,CWWG_00008,10
785,,,Sesame,Gujarat,,,,,,No Advisory,"pradesh, already harvested, andhra pradesh, uttar pradesh, has already, tamil nadu, harvesting, harvested, maize, has",03-11-2025_Minutes of the meeting of CWWG as on 03.11.2025.pdf,CWWG_00008,10
786,,,Sesame,Tamil Nadu,,,,,,No Advisory,"pradesh, already harvested, andhra pradesh, uttar pradesh, has already, tamil nadu, harvesting, harvested, maize, has",03-11-2025_Minutes of the meeting of CWWG as on 03.11.2025.pdf,CWWG_00008,10
787,,,Sesame,Karnataka,,,,,,No Advisory,"pradesh, already harvested, andhra pradesh, uttar pradesh, has already, tamil nadu, harvesting, harvested, maize, has",03-11-2025_Minutes of the meeting of CWWG as on 03.11.2025.pdf,CWWG_00008,10
788,,,Sesame,Rajasthan,,,,,,No Advisory,"pradesh, already harvested, andhra pradesh, uttar pradesh, has already, tamil nadu, harvesting, harvested, maize, has",03-11-2025_Minutes of the meeting of CWWG as on 03.11.2025.pdf,CWWG_00008,10
789,,,Sesame,Madhya Pradesh,,,,,,No Advisory,"pradesh, already harvested, andhra pradesh, uttar pradesh, has already, tamil nadu, harvesting, harvested, maize, has",03-11-2025_Minutes of the meeting of CWWG as on 03.11.2025.pdf,CWWG_00008,10
790,,,Sesame,Maharashtra,,,,,,No Advisory,"pradesh, already harvested, andhra pradesh, uttar pradesh, has already, tamil nadu, harvesting, harvested, maize, has",03-11-2025_Minutes of the meeting of CWWG as on 03.11.2025.pdf,CWWG_00008,10
791,,,Sesame,Telangana,,,,,,No Advisory,"pradesh, already harvested, andhra pradesh, uttar pradesh, has already, tamil nadu, harvesting, harvested, maize, has",03-11-2025_Minutes of the meeting of CWWG as on 03.11.2025.pdf,CWWG_00008,10
792,,,Sesame,Himachal Pradesh,,,,,,No Advisory,"pradesh, already harvested, andhra pradesh, uttar pradesh, has already, tamil nadu, harvesting, harvested, maize, has",03-11-2025_Minutes of the meeting of CWWG as on 03.11.2025.pdf,CWWG_00008,10
793,,,Sesame,Chhattisgarh,,,,,,No Advisory,"pradesh, already harvested, andhra pradesh, uttar pradesh, has already, tamil nadu, harvesting, harvested, maize, has",03-11-2025_Minutes of the meeting of CWWG as on 03.11.2025.pdf,CWWG_00008,10
794,,,Sesame,Bihar,,,,,,No Advisory,"pradesh, already harvested, andhra pradesh, uttar pradesh, has already, tamil nadu, harvesting, harvested, maize, has",03-11-2025_Minutes of the meeting of CWWG as on 03.11.2025.pdf,CWWG_00008,10
795,,,Sesame,Jharkhand,,,,,,No Advisory,"pradesh, already harvested, andhra pradesh, uttar pradesh, has already, tamil nadu, harvesting, harvested, maize, has",03-11-2025_Minutes of the meeting of CWWG as on 03.11.2025.pdf,CWWG_00008,10
796,,,Sesame,Odisha,,,,,,No Advisory,"pradesh, already harvested, andhra pradesh, uttar pradesh, has already, tamil nadu, harvesting, harvested, maize, has",03-11-2025_Minutes of the meeting of CWWG as on 03.11.2025.pdf,CWWG_00008,10
848,,,Castor,Himachal Pradesh,,,,,,No Advisory,"pradesh, already harvested, andhra pradesh, uttar pradesh, has already, tamil nadu, harvesting, harvested, maize, has",03-11-2025_Minutes of the meeting of CWWG as on 03.11.2025.pdf,CWWG_00008,10
889,01.08-2025,,Rice,Punjab,,,,,,monitoring is being carried out.,"rice, pests diseases, maize, crops, economic threshold, wholesale prices, intensity pests, threshold level, mandi wholesale, diseases",04-08-2025_Minutes of the meeting of CWWG as on 04.08.2025.pdf,CWWG_00002,1
891,01.08-2025,,Maize,Punjab,,,,,,monitoring is being carried out.,"rice, pests diseases, maize, crops, economic threshold, wholesale prices, intensity pests, threshold level, mandi wholesale, diseases",04-08-2025_Minutes of the meeting of CWWG as on 04.08.2025.pdf,CWWG_00002,1
892,01.08-2025,,Maize,Assam,,,,,,monitoring is being carried out.,"rice, pests diseases, maize, crops, economic threshold, wholesale prices, intensity pests, threshold level, mandi wholesale, diseases",04-08-2025_Minutes of the meeting of CWWG as on 04.08.2025.pdf,CWWG_00002,1
893,01.08-2025,,Soybean,Punjab,,,,,,monitoring is being carried out.,"rice, pests diseases, maize, crops, economic threshold, wholesale prices, intensity pests, threshold level, mandi wholesale, diseases",04-08-2025_Minutes of the meeting of CWWG as on 04.08.2025.pdf,CWWG_00002,1
894,01.08-2025,,Soybean,Assam,,,,,,monitoring is being carried out.,"rice, pests diseases, maize, crops, economic threshold, wholesale prices, intensity pests, threshold level, mandi wholesale, diseases",04-08-2025_Minutes of the meeting of CWWG as on 04.08.2025.pdf,CWWG_00002,1
895,01.08-2025,,Urad,Punjab,,,,,,monitoring is being carried out.,"rice, pests diseases, maize, crops, economic threshold, wholesale prices, intensity pests, threshold level, mandi wholesale, diseases",04-08-2025_Minutes of the meeting of CWWG as on 04.08.2025.pdf,CWWG_00002,1
896,01.08-2025,,Urad,Assam,,,,,,monitoring is being carried out.,"rice, pests diseases, maize, crops, economic threshold, wholesale prices, intensity pests, threshold level, mandi wholesale, diseases",04-08-2025_Minutes of the meeting of CWWG as on 04.08.2025.pdf,CWWG_00002,1
897,01.08-2025,,Moong,Punjab,,,,,,monitoring is being carried out.,"rice, pests diseases, maize, crops, economic threshold, wholesale prices, intensity pests, threshold level, mandi wholesale, diseases",04-08-2025_Minutes of the meeting of CWWG as on 04.08.2025.pdf,CWWG_00002,1
899,01.08-2025,,Groundnut,Punjab,,,,,,monitoring is being carried out.,"rice, pests diseases, maize, crops, economic threshold, wholesale prices, intensity pests, threshold level, mandi wholesale, diseases",04-08-2025_Minutes of the meeting of CWWG as on 04.08.2025.pdf,CWWG_00002,1
900,01.08-2025,,Groundnut,Assam,,,,,,monitoring is being carried out.,"rice, pests diseases, maize, crops, economic threshold, wholesale prices, intensity pests, threshold level, mandi wholesale, diseases",04-08-2025_Minutes of the meeting of CWWG as on 04.08.2025.pdf,CWWG_00002,1
903,27 July 2025,,Sugarcane,Kerala,,,,,,No Advisory,"area coverage, corresponding period, lakh corresponding, compared lakh, period last, last year, lakh, moisture, kharif, rice",04-08-2025_Minutes of the meeting of CWWG as on 04.08.2025.pdf,CWWG_00005,6
905,27 July 2025,,Sugarcane,Assam,,,,,,No Advisory,"area coverage, corresponding period, lakh corresponding, compared lakh, period last, last year, lakh, moisture, kharif, rice",04-08-2025_Minutes of the meeting of CWWG as on 04.08.2025.pdf,CWWG_00005,6
917,27 July 2025,,Rice,Kerala,,,,,,No Advisory,"area coverage, corresponding period, lakh corresponding, compared lakh, period last, last year, lakh, moisture, kharif, rice",04-08-2025_Minutes of the meeting of CWWG as on 04.08.2025.pdf,CWWG_00005,6
931,27 July 2025,,Soybean,Kerala,,,,,,No Advisory,"area coverage, corresponding period, lakh corresponding, compared lakh, period last, last year, lakh, moisture, kharif, rice",04-08-2025_Minutes of the meeting of CWWG as on 04.08.2025.pdf,CWWG_00005,6
933,27 July 2025,,Soybean,Assam,,,,,,No Advisory,"area coverage, corresponding period, lakh corresponding, compared lakh, period last, last year, lakh, moisture, kharif, rice",04-08-2025_Minutes of the meeting of CWWG as on 04.08.2025.pdf,CWWG_00005,6
945,27 July 2025,,Cotton,Kerala,,,,,,No Advisory,"area coverage, corresponding period, lakh corresponding, compared lakh, period last, last year, lakh, moisture, kharif, rice",04-08-2025_Minutes of the meeting of CWWG as on 04.08.2025.pdf,CWWG_00005,6
947,27 July 2025,,Cotton,Assam,,,,,,No Advisory,"area coverage, corresponding period, lakh corresponding, compared lakh, period last, last year, lakh, moisture, kharif, rice",04-08-2025_Minutes of the meeting of CWWG as on 04.08.2025.pdf,CWWG_00005,6
968,28.07.2025,,Rice,Punjab,Fatehgarh Sahib,,,,,monitoring is being carried out by all field functionaries as follow up action.,"disease, crop, pest, rice, state, joint survey, crop state, survey, area, intensity",04-08-2025_Minutes of the meeting of CWWG as on 04.08.2025.pdf,CWWG_00008,8
969,25.07.2025,,Maize,,Kathua district,,,,,recommended pesticide to avoid resistance build up.,"pest, maize, joint survey, rice, crop, functionaries follow, field functionaries, incidence reported, regular monitoring, monitoring carried",04-08-2025_Minutes of the meeting of CWWG as on 04.08.2025.pdf,CWWG_00009,8
970,25.07.2025,,Rice,,Kathua district,,,,,recommended pesticide to avoid resistance build up.,"pest, maize, joint survey, rice, crop, functionaries follow, field functionaries, incidence reported, regular monitoring, monitoring carried",04-08-2025_Minutes of the meeting of CWWG as on 04.08.2025.pdf,CWWG_00009,8
971,30.07.2025,,Rice,Assam,,,,,,monitoring is being carried out by all field functionaries as follow up action.,"rice, pest, nalbari, functionaries follow, hograpar sagarkuchi, field functionaries, sagarkuchi nalbari, incidence reported, regular monitoring, monitoring carried",04-08-2025_Minutes of the meeting of CWWG as on 04.08.2025.pdf,CWWG_00010,8
1065,,,Cotton,Himachal Pradesh,,,,,,No Advisory,"harvesting, cotton, harvesting has, has completed, picking going, zone picking, completed, maize, picking, has",05-01-2026_Minutes of the meeting of CWWG as on 05.01.2026.pdf,CWWG_00013,11
1078,,,Sugarcane,Himachal Pradesh,,,,,,No Advisory,"harvesting, cotton, harvesting has, has completed, picking going, zone picking, completed, maize, picking, has",05-01-2026_Minutes of the meeting of CWWG as on 05.01.2026.pdf,CWWG_00013,11
1127,,,Maize,Punjab,,,,,,No Advisory,"harvesting, cotton, harvesting has, has completed, picking going, zone picking, completed, maize, picking, has",05-01-2026_Minutes of the meeting of CWWG as on 05.01.2026.pdf,CWWG_00013,11
1140,,,Groundnut,Punjab,,,,,,No Advisory,"harvesting, cotton, harvesting has, has completed, picking going, zone picking, completed, maize, picking, has",05-01-2026_Minutes of the meeting of CWWG as on 05.01.2026.pdf,CWWG_00013,11
1147,,,Maize,Tamil Nadu,,,,,,monitoring wells show depth to water level in the range of 0 to 5 m below ground level and 29.,"water, fertilizers, level, seeds, pests diseases, lakh quintals, groundwater, water level, maize, rabi",06-01-2025_Minutes of the meeting of CWWG as on 06.01.2025.pdf,CWWG_00003,1
1164,02 Jan 2025,,Onion,Madhya Pradesh,,,,,,No Advisory,"rabi, fertilizer, moisture, pradesh, onion, producing states, major producing, madhya pradesh, fertilizers, states rabi",06-01-2025_Minutes of the meeting of CWWG as on 06.01.2025.pdf,CWWG_00010,1
1165,02 Jan 2025,,Onion,Maharashtra,,,,,,No Advisory,"rabi, fertilizer, moisture, pradesh, onion, producing states, major producing, madhya pradesh, fertilizers, states rabi",06-01-2025_Minutes of the meeting of CWWG as on 06.01.2025.pdf,CWWG_00010,1
1166,02 Jan 2025,,Onion,Andhra Pradesh,,,,,,No Advisory,"rabi, fertilizer, moisture, pradesh, onion, producing states, major producing, madhya pradesh, fertilizers, states rabi",06-01-2025_Minutes of the meeting of CWWG as on 06.01.2025.pdf,CWWG_00010,1
1167,02 Jan 2025,,Onion,Tamil Nadu,,,,,,No Advisory,"rabi, fertilizer, moisture, pradesh, onion, producing states, major producing, madhya pradesh, fertilizers, states rabi",06-01-2025_Minutes of the meeting of CWWG as on 06.01.2025.pdf,CWWG_00010,1
1168,02 Jan 2025,,Onion,Haryana,,,,,,No Advisory,"rabi, fertilizer, moisture, pradesh, onion, producing states, major producing, madhya pradesh, fertilizers, states rabi",06-01-2025_Minutes of the meeting of CWWG as on 06.01.2025.pdf,CWWG_00010,1
1169,02 Jan 2025,,Onion,Karnataka,,,,,,No Advisory,"rabi, fertilizer, moisture, pradesh, onion, producing states, major producing, madhya pradesh, fertilizers, states rabi",06-01-2025_Minutes of the meeting of CWWG as on 06.01.2025.pdf,CWWG_00010,1
1170,02 Jan 2025,,Onion,Rajasthan,,,,,,No Advisory,"rabi, fertilizer, moisture, pradesh, onion, producing states, major producing, madhya pradesh, fertilizers, states rabi",06-01-2025_Minutes of the meeting of CWWG as on 06.01.2025.pdf,CWWG_00010,1
1171,02 Jan 2025,,Onion,Bihar,,,,,,No Advisory,"rabi, fertilizer, moisture, pradesh, onion, producing states, major producing, madhya pradesh, fertilizers, states rabi",06-01-2025_Minutes of the meeting of CWWG as on 06.01.2025.pdf,CWWG_00010,1
1172,02 Jan 2025,,Onion,Punjab,,,,,,No Advisory,"rabi, fertilizer, moisture, pradesh, onion, producing states, major producing, madhya pradesh, fertilizers, states rabi",06-01-2025_Minutes of the meeting of CWWG as on 06.01.2025.pdf,CWWG_00010,1
1173,02 Jan 2025,,Onion,Uttar Pradesh,,,,,,No Advisory,"rabi, fertilizer, moisture, pradesh, onion, producing states, major producing, madhya pradesh, fertilizers, states rabi",06-01-2025_Minutes of the meeting of CWWG as on 06.01.2025.pdf,CWWG_00010,1
1174,02 Jan 2025,,Onion,Gujarat,,,,,,No Advisory,"rabi, fertilizer, moisture, pradesh, onion, producing states, major producing, madhya pradesh, fertilizers, states rabi",06-01-2025_Minutes of the meeting of CWWG as on 06.01.2025.pdf,CWWG_00010,1
1175,02 Jan 2025,,Onion,Telangana,,,,,,No Advisory,"rabi, fertilizer, moisture, pradesh, onion, producing states, major producing, madhya pradesh, fertilizers, states rabi",06-01-2025_Minutes of the meeting of CWWG as on 06.01.2025.pdf,CWWG_00010,1
1176,02 Jan 2025,,Onion,West Bengal,,,,,,No Advisory,"rabi, fertilizer, moisture, pradesh, onion, producing states, major producing, madhya pradesh, fertilizers, states rabi",06-01-2025_Minutes of the meeting of CWWG as on 06.01.2025.pdf,CWWG_00010,1
1177,02 Jan 2025,,Onion,Odisha,,,,,,No Advisory,"rabi, fertilizer, moisture, pradesh, onion, producing states, major producing, madhya pradesh, fertilizers, states rabi",06-01-2025_Minutes of the meeting of CWWG as on 06.01.2025.pdf,CWWG_00010,1
1191,03.01.2025,,Potato,Tamil Nadu,,,,,,monitoring is being carried out by all field functionaries as follow up action.,"potato, tomato, onion, wheat, pest, rice, marketing season, week week, disease, kharif",06-01-2025_Minutes of the meeting of CWWG as on 06.01.2025.pdf,CWWG_00013,1
1192,03.01.2025,,Onion,Tamil Nadu,,,,,,monitoring is being carried out by all field functionaries as follow up action.,"potato, tomato, onion, wheat, pest, rice, marketing season, week week, disease, kharif",06-01-2025_Minutes of the meeting of CWWG as on 06.01.2025.pdf,CWWG_00013,1
1193,03.01.2025,,Tomato,Tamil Nadu,,,,,,monitoring is being carried out by all field functionaries as follow up action.,"potato, tomato, onion, wheat, pest, rice, marketing season, week week, disease, kharif",06-01-2025_Minutes of the meeting of CWWG as on 06.01.2025.pdf,CWWG_00013,1
1194,03.01.2025,,Rice,Tamil Nadu,,,,,,monitoring is being carried out by all field functionaries as follow up action.,"potato, tomato, onion, wheat, pest, rice, marketing season, week week, disease, kharif",06-01-2025_Minutes of the meeting of CWWG as on 06.01.2025.pdf,CWWG_00013,1
1195,03.01.2025,,Maize,Tamil Nadu,,,,,,monitoring is being carried out by all field functionaries as follow up action.,"potato, tomato, onion, wheat, pest, rice, marketing season, week week, disease, kharif",06-01-2025_Minutes of the meeting of CWWG as on 06.01.2025.pdf,CWWG_00013,1
1200,01st May 2025,Rabi,Moong,Gujarat,,Thunderstorm,,Heavy Rainfall,,monitored by CWC) is 60.,"storage, water, rainfall, corresponding period, lakh quintals, groundwater, fertilizers, fertilizer, reservoir, mustard",06-05-2025_Minutes of the meeting of CWWG as on 06.05.2025.pdf,CWWG_00001,1
1201,01st May 2025,Rabi,Moong,Uttarakhand,,Thunderstorm,,Heavy Rainfall,,monitored by CWC) is 60.,"storage, water, rainfall, corresponding period, lakh quintals, groundwater, fertilizers, fertilizer, reservoir, mustard",06-05-2025_Minutes of the meeting of CWWG as on 06.05.2025.pdf,CWWG_00001,1
1202,01st May 2025,Rabi,Moong,Rajasthan,,Thunderstorm,,Heavy Rainfall,,monitored by CWC) is 60.,"storage, water, rainfall, corresponding period, lakh quintals, groundwater, fertilizers, fertilizer, reservoir, mustard",06-05-2025_Minutes of the meeting of CWWG as on 06.05.2025.pdf,CWWG_00001,1
1203,01st May 2025,Rabi,Sunflower,Gujarat,,Thunderstorm,,Heavy Rainfall,,monitored by CWC) is 60.,"storage, water, rainfall, corresponding period, lakh quintals, groundwater, fertilizers, fertilizer, reservoir, mustard",06-05-2025_Minutes of the meeting of CWWG as on 06.05.2025.pdf,CWWG_00001,1
1204,01st May 2025,Rabi,Sunflower,Uttarakhand,,Thunderstorm,,Heavy Rainfall,,monitored by CWC) is 60.,"storage, water, rainfall, corresponding period, lakh quintals, groundwater, fertilizers, fertilizer, reservoir, mustard",06-05-2025_Minutes of the meeting of CWWG as on 06.05.2025.pdf,CWWG_00001,1
1205,01st May 2025,Rabi,Sunflower,Rajasthan,,Thunderstorm,,Heavy Rainfall,,monitored by CWC) is 60.,"storage, water, rainfall, corresponding period, lakh quintals, groundwater, fertilizers, fertilizer, reservoir, mustard",06-05-2025_Minutes of the meeting of CWWG as on 06.05.2025.pdf,CWWG_00001,1
1206,01st May 2025,Rabi,Soybean,Gujarat,,Thunderstorm,,Heavy Rainfall,,monitored by CWC) is 60.,"storage, water, rainfall, corresponding period, lakh quintals, groundwater, fertilizers, fertilizer, reservoir, mustard",06-05-2025_Minutes of the meeting of CWWG as on 06.05.2025.pdf,CWWG_00001,1
1207,01st May 2025,Rabi,Soybean,Uttarakhand,,Thunderstorm,,Heavy Rainfall,,monitored by CWC) is 60.,"storage, water, rainfall, corresponding period, lakh quintals, groundwater, fertilizers, fertilizer, reservoir, mustard",06-05-2025_Minutes of the meeting of CWWG as on 06.05.2025.pdf,CWWG_00001,1
1208,01st May 2025,Rabi,Soybean,Rajasthan,,Thunderstorm,,Heavy Rainfall,,monitored by CWC) is 60.,"storage, water, rainfall, corresponding period, lakh quintals, groundwater, fertilizers, fertilizer, reservoir, mustard",06-05-2025_Minutes of the meeting of CWWG as on 06.05.2025.pdf,CWWG_00001,1
1209,01st May 2025,Rabi,Urad,Gujarat,,Thunderstorm,,Heavy Rainfall,,monitored by CWC) is 60.,"storage, water, rainfall, corresponding period, lakh quintals, groundwater, fertilizers, fertilizer, reservoir, mustard",06-05-2025_Minutes of the meeting of CWWG as on 06.05.2025.pdf,CWWG_00001,1
1210,01st May 2025,Rabi,Urad,Uttarakhand,,Thunderstorm,,Heavy Rainfall,,monitored by CWC) is 60.,"storage, water, rainfall, corresponding period, lakh quintals, groundwater, fertilizers, fertilizer, reservoir, mustard",06-05-2025_Minutes of the meeting of CWWG as on 06.05.2025.pdf,CWWG_00001,1
1211,01st May 2025,Rabi,Urad,Rajasthan,,Thunderstorm,,Heavy Rainfall,,monitored by CWC) is 60.,"storage, water, rainfall, corresponding period, lakh quintals, groundwater, fertilizers, fertilizer, reservoir, mustard",06-05-2025_Minutes of the meeting of CWWG as on 06.05.2025.pdf,CWWG_00001,1
1212,01st May 2025,Rabi,Gram,Gujarat,,Thunderstorm,,Heavy Rainfall,,monitored by CWC) is 60.,"storage, water, rainfall, corresponding period, lakh quintals, groundwater, fertilizers, fertilizer, reservoir, mustard",06-05-2025_Minutes of the meeting of CWWG as on 06.05.2025.pdf,CWWG_00001,1
1213,01st May 2025,Rabi,Gram,Uttarakhand,,Thunderstorm,,Heavy Rainfall,,monitored by CWC) is 60.,"storage, water, rainfall, corresponding period, lakh quintals, groundwater, fertilizers, fertilizer, reservoir, mustard",06-05-2025_Minutes of the meeting of CWWG as on 06.05.2025.pdf,CWWG_00001,1
1214,01st May 2025,Rabi,Gram,Rajasthan,,Thunderstorm,,Heavy Rainfall,,monitored by CWC) is 60.,"storage, water, rainfall, corresponding period, lakh quintals, groundwater, fertilizers, fertilizer, reservoir, mustard",06-05-2025_Minutes of the meeting of CWWG as on 06.05.2025.pdf,CWWG_00001,1
1215,01st May 2025,Rabi,Mustard,Gujarat,,Thunderstorm,,Heavy Rainfall,,monitored by CWC) is 60.,"storage, water, rainfall, corresponding period, lakh quintals, groundwater, fertilizers, fertilizer, reservoir, mustard",06-05-2025_Minutes of the meeting of CWWG as on 06.05.2025.pdf,CWWG_00001,1
1216,01st May 2025,Rabi,Mustard,Uttarakhand,,Thunderstorm,,Heavy Rainfall,,monitored by CWC) is 60.,"storage, water, rainfall, corresponding period, lakh quintals, groundwater, fertilizers, fertilizer, reservoir, mustard",06-05-2025_Minutes of the meeting of CWWG as on 06.05.2025.pdf,CWWG_00001,1
1217,01st May 2025,Rabi,Mustard,Rajasthan,,Thunderstorm,,Heavy Rainfall,,monitored by CWC) is 60.,"storage, water, rainfall, corresponding period, lakh quintals, groundwater, fertilizers, fertilizer, reservoir, mustard",06-05-2025_Minutes of the meeting of CWWG as on 06.05.2025.pdf,CWWG_00001,1
1218,01st May 2025,Rabi,Groundnut,Gujarat,,Thunderstorm,,Heavy Rainfall,,monitored by CWC) is 60.,"storage, water, rainfall, corresponding period, lakh quintals, groundwater, fertilizers, fertilizer, reservoir, mustard",06-05-2025_Minutes of the meeting of CWWG as on 06.05.2025.pdf,CWWG_00001,1
1219,01st May 2025,Rabi,Groundnut,Uttarakhand,,Thunderstorm,,Heavy Rainfall,,monitored by CWC) is 60.,"storage, water, rainfall, corresponding period, lakh quintals, groundwater, fertilizers, fertilizer, reservoir, mustard",06-05-2025_Minutes of the meeting of CWWG as on 06.05.2025.pdf,CWWG_00001,1
1220,01st May 2025,Rabi,Groundnut,Rajasthan,,Thunderstorm,,Heavy Rainfall,,monitored by CWC) is 60.,"storage, water, rainfall, corresponding period, lakh quintals, groundwater, fertilizers, fertilizer, reservoir, mustard",06-05-2025_Minutes of the meeting of CWWG as on 06.05.2025.pdf,CWWG_00001,1
1227,02 May2025,Summer,Rice,Uttar Pradesh,,,,,,No Advisory,"area coverage, storage, summer, crops, moisture, area, rice, lakh, corresponding period, storage reservoirs",06-05-2025_Minutes of the meeting of CWWG as on 06.05.2025.pdf,CWWG_00004,7
1237,,Summer,Moong,,,,,,,No Advisory,"summer, pulses, crops, jowar, bajra, maize, rice, last year, area, year",06-05-2025_Minutes of the meeting of CWWG as on 06.05.2025.pdf,CWWG_00005,7
1238,,Summer,Urad,,,,,,,No Advisory,"summer, pulses, crops, jowar, bajra, maize, rice, last year, area, year",06-05-2025_Minutes of the meeting of CWWG as on 06.05.2025.pdf,CWWG_00005,7
1242,02nd May,Rabi,Potato,Maharashtra,,,,,,No Advisory,"rabi, onion, area sown, area, tomato, producing states, major producing, potato, crop, potato tomato",06-05-2025_Minutes of the meeting of CWWG as on 06.05.2025.pdf,CWWG_00006,7
1244,02nd May,Rabi,Tomato,Maharashtra,,,,,,No Advisory,"rabi, onion, area sown, area, tomato, producing states, major producing, potato, crop, potato tomato",06-05-2025_Minutes of the meeting of CWWG as on 06.05.2025.pdf,CWWG_00006,7
1251,05.05.2025,Rabi,Rice,,,,,,,No Advisory,"procurement, wheat, rice, wheat procurement, kharif, crop, rabi, progressive, rms, progressive corresponding",06-05-2025_Minutes of the meeting of CWWG as on 06.05.2025.pdf,CWWG_00010,13
1261,02.05.2025,,Rice,Himachal Pradesh,,,,,,No Advisory,"harvesting has, has completed, harvesting, completed states, completed, has, states, pulses, crops, crop",06-05-2025_Minutes of the meeting of CWWG as on 06.05.2025.pdf,CWWG_00011,15
1269,02.05.2025,,Rice,Uttarakhand,,,,,,No Advisory,"harvesting has, has completed, harvesting, completed states, completed, has, states, pulses, crops, crop",06-05-2025_Minutes of the meeting of CWWG as on 06.05.2025.pdf,CWWG_00011,15
1280,02.05.2025,,Wheat,Himachal Pradesh,,,,,,No Advisory,"harvesting has, has completed, harvesting, completed states, completed, has, states, pulses, crops, crop",06-05-2025_Minutes of the meeting of CWWG as on 06.05.2025.pdf,CWWG_00011,15
1288,02.05.2025,,Wheat,Uttarakhand,,,,,,No Advisory,"harvesting has, has completed, harvesting, completed states, completed, has, states, pulses, crops, crop",06-05-2025_Minutes of the meeting of CWWG as on 06.05.2025.pdf,CWWG_00011,15
1290,02.05.2025,,Wheat,Kerala,,,,,,No Advisory,"harvesting has, has completed, harvesting, completed states, completed, has, states, pulses, crops, crop",06-05-2025_Minutes of the meeting of CWWG as on 06.05.2025.pdf,CWWG_00011,15
1299,02.05.2025,,Lentil,Himachal Pradesh,,,,,,No Advisory,"harvesting has, has completed, harvesting, completed states, completed, has, states, pulses, crops, crop",06-05-2025_Minutes of the meeting of CWWG as on 06.05.2025.pdf,CWWG_00011,15
1300,02.05.2025,,Lentil,Punjab,,,,,,No Advisory,"harvesting has, has completed, harvesting, completed states, completed, has, states, pulses, crops, crop",06-05-2025_Minutes of the meeting of CWWG as on 06.05.2025.pdf,CWWG_00011,15
1307,02.05.2025,,Lentil,Uttarakhand,,,,,,No Advisory,"harvesting has, has completed, harvesting, completed states, completed, has, states, pulses, crops, crop",06-05-2025_Minutes of the meeting of CWWG as on 06.05.2025.pdf,CWWG_00011,15
1309,02.05.2025,,Lentil,Kerala,,,,,,No Advisory,"harvesting has, has completed, harvesting, completed states, completed, has, states, pulses, crops, crop",06-05-2025_Minutes of the meeting of CWWG as on 06.05.2025.pdf,CWWG_00011,15
1318,02.05.2025,,Gram,Himachal Pradesh,,,,,,No Advisory,"harvesting has, has completed, harvesting, completed states, completed, has, states, pulses, crops, crop",06-05-2025_Minutes of the meeting of CWWG as on 06.05.2025.pdf,CWWG_00011,15
1319,02.05.2025,,Gram,Punjab,,,,,,No Advisory,"harvesting has, has completed, harvesting, completed states, completed, has, states, pulses, crops, crop",06-05-2025_Minutes of the meeting of CWWG as on 06.05.2025.pdf,CWWG_00011,15
1326,02.05.2025,,Gram,Uttarakhand,,,,,,No Advisory,"harvesting has, has completed, harvesting, completed states, completed, has, states, pulses, crops, crop",06-05-2025_Minutes of the meeting of CWWG as on 06.05.2025.pdf,CWWG_00011,15
1328,02.05.2025,,Gram,Kerala,,,,,,No Advisory,"harvesting has, has completed, harvesting, completed states, completed, has, states, pulses, crops, crop",06-05-2025_Minutes of the meeting of CWWG as on 06.05.2025.pdf,CWWG_00011,15
1351,,,Barley,Bihar,,,,,,No Advisory,"harvesting, harvesting has, has completed, tamil nadu, completed, pradesh, harvesting going, andhra pradesh, mustard, jowar",06-05-2025_Minutes of the meeting of CWWG as on 06.05.2025.pdf,CWWG_00012,15
1353,,,Barley,Haryana,,,,,,No Advisory,"harvesting, harvesting has, has completed, tamil nadu, completed, pradesh, harvesting going, andhra pradesh, mustard, jowar",06-05-2025_Minutes of the meeting of CWWG as on 06.05.2025.pdf,CWWG_00012,15
1354,,,Barley,Uttarakhand,,,,,,No Advisory,"harvesting, harvesting has, has completed, tamil nadu, completed, pradesh, harvesting going, andhra pradesh, mustard, jowar",06-05-2025_Minutes of the meeting of CWWG as on 06.05.2025.pdf,CWWG_00012,15
1357,,,Barley,Himachal Pradesh,,,,,,No Advisory,"harvesting, harvesting has, has completed, tamil nadu, completed, pradesh, harvesting going, andhra pradesh, mustard, jowar",06-05-2025_Minutes of the meeting of CWWG as on 06.05.2025.pdf,CWWG_00012,15
1381,,,Linseed,Bihar,,,,,,No Advisory,"harvesting, harvesting has, has completed, tamil nadu, completed, pradesh, harvesting going, andhra pradesh, mustard, jowar",06-05-2025_Minutes of the meeting of CWWG as on 06.05.2025.pdf,CWWG_00012,15
1383,,,Linseed,Haryana,,,,,,No Advisory,"harvesting, harvesting has, has completed, tamil nadu, completed, pradesh, harvesting going, andhra pradesh, mustard, jowar",06-05-2025_Minutes of the meeting of CWWG as on 06.05.2025.pdf,CWWG_00012,15
1384,,,Linseed,Uttarakhand,,,,,,No Advisory,"harvesting, harvesting has, has completed, tamil nadu, completed, pradesh, harvesting going, andhra pradesh, mustard, jowar",06-05-2025_Minutes of the meeting of CWWG as on 06.05.2025.pdf,CWWG_00012,15
1387,,,Linseed,Himachal Pradesh,,,,,,No Advisory,"harvesting, harvesting has, has completed, tamil nadu, completed, pradesh, harvesting going, andhra pradesh, mustard, jowar",06-05-2025_Minutes of the meeting of CWWG as on 06.05.2025.pdf,CWWG_00012,15
1396,,,Safflower,Bihar,,,,,,No Advisory,"harvesting, harvesting has, has completed, tamil nadu, completed, pradesh, harvesting going, andhra pradesh, mustard, jowar",06-05-2025_Minutes of the meeting of CWWG as on 06.05.2025.pdf,CWWG_00012,15
1398,,,Safflower,Haryana,,,,,,No Advisory,"harvesting, harvesting has, has completed, tamil nadu, completed, pradesh, harvesting going, andhra pradesh, mustard, jowar",06-05-2025_Minutes of the meeting of CWWG as on 06.05.2025.pdf,CWWG_00012,15
1399,,,Safflower,Uttarakhand,,,,,,No Advisory,"harvesting, harvesting has, has completed, tamil nadu, completed, pradesh, harvesting going, andhra pradesh, mustard, jowar",06-05-2025_Minutes of the meeting of CWWG as on 06.05.2025.pdf,CWWG_00012,15
1402,,,Safflower,Himachal Pradesh,,,,,,No Advisory,"harvesting, harvesting has, has completed, tamil nadu, completed, pradesh, harvesting going, andhra pradesh, mustard, jowar",06-05-2025_Minutes of the meeting of CWWG as on 06.05.2025.pdf,CWWG_00012,15
1429,,,Jowar,Uttarakhand,,,,,,No Advisory,"harvesting, harvesting has, has completed, tamil nadu, completed, pradesh, harvesting going, andhra pradesh, mustard, jowar",06-05-2025_Minutes of the meeting of CWWG as on 06.05.2025.pdf,CWWG_00012,15
1432,,,Jowar,Himachal Pradesh,,,,,,No Advisory,"harvesting, harvesting has, has completed, tamil nadu, completed, pradesh, harvesting going, andhra pradesh, mustard, jowar",06-05-2025_Minutes of the meeting of CWWG as on 06.05.2025.pdf,CWWG_00012,15
1446,26-09-2025,,Sunflower,Assam,,,,,,monitoring is being carried out.,"rice, pests diseases, lakh quintals, fertilizers, fertilizer, monsoon, kharif, water, seeds, crops",06-10-2025_Minutes of the meeting of CWWG as on 06.10.2025.pdf,CWWG_00003,1
1447,26-09-2025,,Gram,Assam,,,,,,monitoring is being carried out.,"rice, pests diseases, lakh quintals, fertilizers, fertilizer, monsoon, kharif, water, seeds, crops",06-10-2025_Minutes of the meeting of CWWG as on 06.10.2025.pdf,CWWG_00003,1
1460,25 Sept,,Maize,Kerala,,,,,,No Advisory,"area coverage, corresponding period, lakh corresponding, compared lakh, lakh normal, normal area, period last, last year, maize, lakh",06-10-2025_Minutes of the meeting of CWWG as on 06.10.2025.pdf,CWWG_00006,7
1483,25 Sept,,Moong,Maharashtra,,,,,,No Advisory,"area coverage, corresponding period, lakh corresponding, compared lakh, lakh normal, normal area, period last, last year, maize, lakh",06-10-2025_Minutes of the meeting of CWWG as on 06.10.2025.pdf,CWWG_00006,7
1484,25 Sept,,Moong,Karnataka,,,,,,No Advisory,"area coverage, corresponding period, lakh corresponding, compared lakh, lakh normal, normal area, period last, last year, maize, lakh",06-10-2025_Minutes of the meeting of CWWG as on 06.10.2025.pdf,CWWG_00006,7
1485,25 Sept,,Moong,Rajasthan,,,,,,No Advisory,"area coverage, corresponding period, lakh corresponding, compared lakh, lakh normal, normal area, period last, last year, maize, lakh",06-10-2025_Minutes of the meeting of CWWG as on 06.10.2025.pdf,CWWG_00006,7
1486,25 Sept,,Moong,Uttar Pradesh,,,,,,No Advisory,"area coverage, corresponding period, lakh corresponding, compared lakh, lakh normal, normal area, period last, last year, maize, lakh",06-10-2025_Minutes of the meeting of CWWG as on 06.10.2025.pdf,CWWG_00006,7
1487,25 Sept,,Moong,Gujarat,,,,,,No Advisory,"area coverage, corresponding period, lakh corresponding, compared lakh, lakh normal, normal area, period last, last year, maize, lakh",06-10-2025_Minutes of the meeting of CWWG as on 06.10.2025.pdf,CWWG_00006,7
1488,25 Sept,,Moong,Jharkhand,,,,,,No Advisory,"area coverage, corresponding period, lakh corresponding, compared lakh, lakh normal, normal area, period last, last year, maize, lakh",06-10-2025_Minutes of the meeting of CWWG as on 06.10.2025.pdf,CWWG_00006,7
1489,25 Sept,,Moong,Haryana,,,,,,No Advisory,"area coverage, corresponding period, lakh corresponding, compared lakh, lakh normal, normal area, period last, last year, maize, lakh",06-10-2025_Minutes of the meeting of CWWG as on 06.10.2025.pdf,CWWG_00006,7
1490,25 Sept,,Moong,Telangana,,,,,,No Advisory,"area coverage, corresponding period, lakh corresponding, compared lakh, lakh normal, normal area, period last, last year, maize, lakh",06-10-2025_Minutes of the meeting of CWWG as on 06.10.2025.pdf,CWWG_00006,7
1491,25 Sept,,Moong,Punjab,,,,,,No Advisory,"area coverage, corresponding period, lakh corresponding, compared lakh, lakh normal, normal area, period last, last year, maize, lakh",06-10-2025_Minutes of the meeting of CWWG as on 06.10.2025.pdf,CWWG_00006,7
1492,25 Sept,,Moong,Kerala,,,,,,No Advisory,"area coverage, corresponding period, lakh corresponding, compared lakh, lakh normal, normal area, period last, last year, maize, lakh",06-10-2025_Minutes of the meeting of CWWG as on 06.10.2025.pdf,CWWG_00006,7
1493,25 Sept,,Moong,Odisha,,,,,,No Advisory,"area coverage, corresponding period, lakh corresponding, compared lakh, lakh normal, normal area, period last, last year, maize, lakh",06-10-2025_Minutes of the meeting of CWWG as on 06.10.2025.pdf,CWWG_00006,7
1494,25 Sept,,Moong,Chhattisgarh,,,,,,No Advisory,"area coverage, corresponding period, lakh corresponding, compared lakh, lakh normal, normal area, period last, last year, maize, lakh",06-10-2025_Minutes of the meeting of CWWG as on 06.10.2025.pdf,CWWG_00006,7
1495,25 Sept,,Moong,West Bengal,,,,,,No Advisory,"area coverage, corresponding period, lakh corresponding, compared lakh, lakh normal, normal area, period last, last year, maize, lakh",06-10-2025_Minutes of the meeting of CWWG as on 06.10.2025.pdf,CWWG_00006,7
1496,25 Sept,,Moong,Bihar,,,,,,No Advisory,"area coverage, corresponding period, lakh corresponding, compared lakh, lakh normal, normal area, period last, last year, maize, lakh",06-10-2025_Minutes of the meeting of CWWG as on 06.10.2025.pdf,CWWG_00006,7
1497,25 Sept,,Moong,Tamil Nadu,,,,,,No Advisory,"area coverage, corresponding period, lakh corresponding, compared lakh, lakh normal, normal area, period last, last year, maize, lakh",06-10-2025_Minutes of the meeting of CWWG as on 06.10.2025.pdf,CWWG_00006,7
1498,25 Sept,,Moong,Assam,,,,,,No Advisory,"area coverage, corresponding period, lakh corresponding, compared lakh, lakh normal, normal area, period last, last year, maize, lakh",06-10-2025_Minutes of the meeting of CWWG as on 06.10.2025.pdf,CWWG_00006,7
1530,18.09.2025,,Rice,Assam,,,,,,sprayers to farmers at a subsidized rate as an immediate measure.,"commodities variation, variation over, over last, last week, rice, disease, mustard, potato, tomato, wheat",06-10-2025_Minutes of the meeting of CWWG as on 06.10.2025.pdf,CWWG_00010,9
1531,18.09.2025,,Wheat,Assam,,,,,,sprayers to farmers at a subsidized rate as an immediate measure.,"commodities variation, variation over, over last, last week, rice, disease, mustard, potato, tomato, wheat",06-10-2025_Minutes of the meeting of CWWG as on 06.10.2025.pdf,CWWG_00010,9
1532,18.09.2025,,Gram,Assam,,,,,,sprayers to farmers at a subsidized rate as an immediate measure.,"commodities variation, variation over, over last, last week, rice, disease, mustard, potato, tomato, wheat",06-10-2025_Minutes of the meeting of CWWG as on 06.10.2025.pdf,CWWG_00010,9
1533,18.09.2025,,Soybean,Assam,,,,,,sprayers to farmers at a subsidized rate as an immediate measure.,"commodities variation, variation over, over last, last week, rice, disease, mustard, potato, tomato, wheat",06-10-2025_Minutes of the meeting of CWWG as on 06.10.2025.pdf,CWWG_00010,9
1536,03rd April 2025,Rabi,Moong,,,,,,,monitored by CWC) is 72.,"storage, water, corresponding period, lakh quintals, groundwater, fertilizers, fertilizer, reservoir, disease, mustard",07-04-2025_Minutes of the meeting of CWWG as on 07.04.2025.pdf,CWWG_00001,1
1537,03rd April 2025,Rabi,Sunflower,,,,,,,monitored by CWC) is 72.,"storage, water, corresponding period, lakh quintals, groundwater, fertilizers, fertilizer, reservoir, disease, mustard",07-04-2025_Minutes of the meeting of CWWG as on 07.04.2025.pdf,CWWG_00001,1
1538,03rd April 2025,Rabi,Soybean,,,,,,,monitored by CWC) is 72.,"storage, water, corresponding period, lakh quintals, groundwater, fertilizers, fertilizer, reservoir, disease, mustard",07-04-2025_Minutes of the meeting of CWWG as on 07.04.2025.pdf,CWWG_00001,1
1539,03rd April 2025,Rabi,Urad,,,,,,,monitored by CWC) is 72.,"storage, water, corresponding period, lakh quintals, groundwater, fertilizers, fertilizer, reservoir, disease, mustard",07-04-2025_Minutes of the meeting of CWWG as on 07.04.2025.pdf,CWWG_00001,1
1540,03rd April 2025,Rabi,Gram,,,,,,,monitored by CWC) is 72.,"storage, water, corresponding period, lakh quintals, groundwater, fertilizers, fertilizer, reservoir, disease, mustard",07-04-2025_Minutes of the meeting of CWWG as on 07.04.2025.pdf,CWWG_00001,1
1541,03rd April 2025,Rabi,Mustard,,,,,,,monitored by CWC) is 72.,"storage, water, corresponding period, lakh quintals, groundwater, fertilizers, fertilizer, reservoir, disease, mustard",07-04-2025_Minutes of the meeting of CWWG as on 07.04.2025.pdf,CWWG_00001,1
1542,03rd April 2025,Rabi,Groundnut,,,,,,,monitored by CWC) is 72.,"storage, water, corresponding period, lakh quintals, groundwater, fertilizers, fertilizer, reservoir, disease, mustard",07-04-2025_Minutes of the meeting of CWWG as on 07.04.2025.pdf,CWWG_00001,1
1572,,Rabi,Tomato,Madhya Pradesh,,,,,,No Advisory,"tomato, rabi, producing states, onion, pradesh, potato, crop, major producing, madhya pradesh, states rabi",07-04-2025_Minutes of the meeting of CWWG as on 07.04.2025.pdf,CWWG_00008,8
1574,,Rabi,Tomato,Andhra Pradesh,,,,,,No Advisory,"tomato, rabi, producing states, onion, pradesh, potato, crop, major producing, madhya pradesh, states rabi",07-04-2025_Minutes of the meeting of CWWG as on 07.04.2025.pdf,CWWG_00008,8
1575,,Rabi,Tomato,Gujarat,,,,,,No Advisory,"tomato, rabi, producing states, onion, pradesh, potato, crop, major producing, madhya pradesh, states rabi",07-04-2025_Minutes of the meeting of CWWG as on 07.04.2025.pdf,CWWG_00008,8
1576,,Rabi,Tomato,Karnataka,,,,,,No Advisory,"tomato, rabi, producing states, onion, pradesh, potato, crop, major producing, madhya pradesh, states rabi",07-04-2025_Minutes of the meeting of CWWG as on 07.04.2025.pdf,CWWG_00008,8
1577,,Rabi,Tomato,Telangana,,,,,,No Advisory,"tomato, rabi, producing states, onion, pradesh, potato, crop, major producing, madhya pradesh, states rabi",07-04-2025_Minutes of the meeting of CWWG as on 07.04.2025.pdf,CWWG_00008,8
1578,,Rabi,Tomato,Haryana,,,,,,No Advisory,"tomato, rabi, producing states, onion, pradesh, potato, crop, major producing, madhya pradesh, states rabi",07-04-2025_Minutes of the meeting of CWWG as on 07.04.2025.pdf,CWWG_00008,8
1579,,Rabi,Tomato,Bihar,,,,,,No Advisory,"tomato, rabi, producing states, onion, pradesh, potato, crop, major producing, madhya pradesh, states rabi",07-04-2025_Minutes of the meeting of CWWG as on 07.04.2025.pdf,CWWG_00008,8
1580,,Rabi,Tomato,Uttar Pradesh,,,,,,No Advisory,"tomato, rabi, producing states, onion, pradesh, potato, crop, major producing, madhya pradesh, states rabi",07-04-2025_Minutes of the meeting of CWWG as on 07.04.2025.pdf,CWWG_00008,8
1581,,Rabi,Tomato,Punjab,,,,,,No Advisory,"tomato, rabi, producing states, onion, pradesh, potato, crop, major producing, madhya pradesh, states rabi",07-04-2025_Minutes of the meeting of CWWG as on 07.04.2025.pdf,CWWG_00008,8
1583,,Rabi,Tomato,Rajasthan,,,,,,No Advisory,"tomato, rabi, producing states, onion, pradesh, potato, crop, major producing, madhya pradesh, states rabi",07-04-2025_Minutes of the meeting of CWWG as on 07.04.2025.pdf,CWWG_00008,8
1584,,Rabi,Tomato,Tamil Nadu,,,,,,No Advisory,"tomato, rabi, producing states, onion, pradesh, potato, crop, major producing, madhya pradesh, states rabi",07-04-2025_Minutes of the meeting of CWWG as on 07.04.2025.pdf,CWWG_00008,8
1585,,Rabi,Potato,Madhya Pradesh,,,,,,No Advisory,"tomato, rabi, producing states, onion, pradesh, potato, crop, major producing, madhya pradesh, states rabi",07-04-2025_Minutes of the meeting of CWWG as on 07.04.2025.pdf,CWWG_00008,8
1587,,Rabi,Potato,Andhra Pradesh,,,,,,No Advisory,"tomato, rabi, producing states, onion, pradesh, potato, crop, major producing, madhya pradesh, states rabi",07-04-2025_Minutes of the meeting of CWWG as on 07.04.2025.pdf,CWWG_00008,8
1588,,Rabi,Potato,Gujarat,,,,,,No Advisory,"tomato, rabi, producing states, onion, pradesh, potato, crop, major producing, madhya pradesh, states rabi",07-04-2025_Minutes of the meeting of CWWG as on 07.04.2025.pdf,CWWG_00008,8
1589,,Rabi,Potato,Karnataka,,,,,,No Advisory,"tomato, rabi, producing states, onion, pradesh, potato, crop, major producing, madhya pradesh, states rabi",07-04-2025_Minutes of the meeting of CWWG as on 07.04.2025.pdf,CWWG_00008,8
1590,,Rabi,Potato,Telangana,,,,,,No Advisory,"tomato, rabi, producing states, onion, pradesh, potato, crop, major producing, madhya pradesh, states rabi",07-04-2025_Minutes of the meeting of CWWG as on 07.04.2025.pdf,CWWG_00008,8
1591,,Rabi,Potato,Haryana,,,,,,No Advisory,"tomato, rabi, producing states, onion, pradesh, potato, crop, major producing, madhya pradesh, states rabi",07-04-2025_Minutes of the meeting of CWWG as on 07.04.2025.pdf,CWWG_00008,8
1592,,Rabi,Potato,Bihar,,,,,,No Advisory,"tomato, rabi, producing states, onion, pradesh, potato, crop, major producing, madhya pradesh, states rabi",07-04-2025_Minutes of the meeting of CWWG as on 07.04.2025.pdf,CWWG_00008,8
1593,,Rabi,Potato,Uttar Pradesh,,,,,,No Advisory,"tomato, rabi, producing states, onion, pradesh, potato, crop, major producing, madhya pradesh, states rabi",07-04-2025_Minutes of the meeting of CWWG as on 07.04.2025.pdf,CWWG_00008,8
1594,,Rabi,Potato,Punjab,,,,,,No Advisory,"tomato, rabi, producing states, onion, pradesh, potato, crop, major producing, madhya pradesh, states rabi",07-04-2025_Minutes of the meeting of CWWG as on 07.04.2025.pdf,CWWG_00008,8
1596,,Rabi,Potato,Rajasthan,,,,,,No Advisory,"tomato, rabi, producing states, onion, pradesh, potato, crop, major producing, madhya pradesh, states rabi",07-04-2025_Minutes of the meeting of CWWG as on 07.04.2025.pdf,CWWG_00008,8
1597,,Rabi,Potato,Tamil Nadu,,,,,,No Advisory,"tomato, rabi, producing states, onion, pradesh, potato, crop, major producing, madhya pradesh, states rabi",07-04-2025_Minutes of the meeting of CWWG as on 07.04.2025.pdf,CWWG_00008,8
1700,,,Maize,Arunachal Pradesh,,,,,,No Advisory,"harvesting, pradesh, harvesting going, andhra pradesh, harvesting has, has completed, mustard, jowar, maize, crop",07-04-2025_Minutes of the meeting of CWWG as on 07.04.2025.pdf,CWWG_00015,12
1708,,,Maize,Mizoram,,,,,,No Advisory,"harvesting, pradesh, harvesting going, andhra pradesh, harvesting has, has completed, mustard, jowar, maize, crop",07-04-2025_Minutes of the meeting of CWWG as on 07.04.2025.pdf,CWWG_00015,12
1709,,,Maize,Manipur,,,,,,No Advisory,"harvesting, pradesh, harvesting going, andhra pradesh, harvesting has, has completed, mustard, jowar, maize, crop",07-04-2025_Minutes of the meeting of CWWG as on 07.04.2025.pdf,CWWG_00015,12
1710,,,Maize,Nagaland,,,,,,No Advisory,"harvesting, pradesh, harvesting going, andhra pradesh, harvesting has, has completed, mustard, jowar, maize, crop",07-04-2025_Minutes of the meeting of CWWG as on 07.04.2025.pdf,CWWG_00015,12
1711,,,Maize,Meghalaya,,,,,,No Advisory,"harvesting, pradesh, harvesting going, andhra pradesh, harvesting has, has completed, mustard, jowar, maize, crop",07-04-2025_Minutes of the meeting of CWWG as on 07.04.2025.pdf,CWWG_00015,12
1722,,,Barley,Punjab,,,,,,No Advisory,"harvesting, pradesh, harvesting going, andhra pradesh, harvesting has, has completed, mustard, jowar, maize, crop",07-04-2025_Minutes of the meeting of CWWG as on 07.04.2025.pdf,CWWG_00015,12
1723,,,Barley,Arunachal Pradesh,,,,,,No Advisory,"harvesting, pradesh, harvesting going, andhra pradesh, harvesting has, has completed, mustard, jowar, maize, crop",07-04-2025_Minutes of the meeting of CWWG as on 07.04.2025.pdf,CWWG_00015,12
1729,,,Barley,Jharkhand,,,,,,No Advisory,"harvesting, pradesh, harvesting going, andhra pradesh, harvesting has, has completed, mustard, jowar, maize, crop",07-04-2025_Minutes of the meeting of CWWG as on 07.04.2025.pdf,CWWG_00015,12
1731,,,Barley,Mizoram,,,,,,No Advisory,"harvesting, pradesh, harvesting going, andhra pradesh, harvesting has, has completed, mustard, jowar, maize, crop",07-04-2025_Minutes of the meeting of CWWG as on 07.04.2025.pdf,CWWG_00015,12
1732,,,Barley,Manipur,,,,,,No Advisory,"harvesting, pradesh, harvesting going, andhra pradesh, harvesting has, has completed, mustard, jowar, maize, crop",07-04-2025_Minutes of the meeting of CWWG as on 07.04.2025.pdf,CWWG_00015,12
1733,,,Barley,Nagaland,,,,,,No Advisory,"harvesting, pradesh, harvesting going, andhra pradesh, harvesting has, has completed, mustard, jowar, maize, crop",07-04-2025_Minutes of the meeting of CWWG as on 07.04.2025.pdf,CWWG_00015,12
1734,,,Barley,Meghalaya,,,,,,No Advisory,"harvesting, pradesh, harvesting going, andhra pradesh, harvesting has, has completed, mustard, jowar, maize, crop",07-04-2025_Minutes of the meeting of CWWG as on 07.04.2025.pdf,CWWG_00015,12
1746,,,Groundnut,Arunachal Pradesh,,,,,,No Advisory,"harvesting, pradesh, harvesting going, andhra pradesh, harvesting has, has completed, mustard, jowar, maize, crop",07-04-2025_Minutes of the meeting of CWWG as on 07.04.2025.pdf,CWWG_00015,12
1754,,,Groundnut,Mizoram,,,,,,No Advisory,"harvesting, pradesh, harvesting going, andhra pradesh, harvesting has, has completed, mustard, jowar, maize, crop",07-04-2025_Minutes of the meeting of CWWG as on 07.04.2025.pdf,CWWG_00015,12
1755,,,Groundnut,Manipur,,,,,,No Advisory,"harvesting, pradesh, harvesting going, andhra pradesh, harvesting has, has completed, mustard, jowar, maize, crop",07-04-2025_Minutes of the meeting of CWWG as on 07.04.2025.pdf,CWWG_00015,12
1756,,,Groundnut,Nagaland,,,,,,No Advisory,"harvesting, pradesh, harvesting going, andhra pradesh, harvesting has, has completed, mustard, jowar, maize, crop",07-04-2025_Minutes of the meeting of CWWG as on 07.04.2025.pdf,CWWG_00015,12
1770,,,Sunflower,Tripura,,,,,,No Advisory,"harvesting, harvesting going, andhra pradesh, harvesting has, has completed, pradesh, crops, pradesh bihar, maharashtra, west bengal",07-04-2025_Minutes of the meeting of CWWG as on 07.04.2025.pdf,CWWG_00016,12
1771,,,Sunflower,Nagaland,,,,,,No Advisory,"harvesting, harvesting going, andhra pradesh, harvesting has, has completed, pradesh, crops, pradesh bihar, maharashtra, west bengal",07-04-2025_Minutes of the meeting of CWWG as on 07.04.2025.pdf,CWWG_00016,12
1782,,,Safflower,Jharkhand,,,,,,No Advisory,"harvesting, harvesting going, andhra pradesh, harvesting has, has completed, pradesh, crops, pradesh bihar, maharashtra, west bengal",07-04-2025_Minutes of the meeting of CWWG as on 07.04.2025.pdf,CWWG_00016,12
1786,,,Safflower,Tripura,,,,,,No Advisory,"harvesting, harvesting going, andhra pradesh, harvesting has, has completed, pradesh, crops, pradesh bihar, maharashtra, west bengal",07-04-2025_Minutes of the meeting of CWWG as on 07.04.2025.pdf,CWWG_00016,12
1787,,,Safflower,Nagaland,,,,,,No Advisory,"harvesting, harvesting going, andhra pradesh, harvesting has, has completed, pradesh, crops, pradesh bihar, maharashtra, west bengal",07-04-2025_Minutes of the meeting of CWWG as on 07.04.2025.pdf,CWWG_00016,12
1798,,,Linseed,Jharkhand,,,,,,No Advisory,"harvesting, harvesting going, andhra pradesh, harvesting has, has completed, pradesh, crops, pradesh bihar, maharashtra, west bengal",07-04-2025_Minutes of the meeting of CWWG as on 07.04.2025.pdf,CWWG_00016,12
1802,,,Linseed,Tripura,,,,,,No Advisory,"harvesting, harvesting going, andhra pradesh, harvesting has, has completed, pradesh, crops, pradesh bihar, maharashtra, west bengal",07-04-2025_Minutes of the meeting of CWWG as on 07.04.2025.pdf,CWWG_00016,12
1803,,,Linseed,Nagaland,,,,,,No Advisory,"harvesting, harvesting going, andhra pradesh, harvesting has, has completed, pradesh, crops, pradesh bihar, maharashtra, west bengal",07-04-2025_Minutes of the meeting of CWWG as on 07.04.2025.pdf,CWWG_00016,12
1812,07.07.2025,Kharif,Soybean,,,,,,,"monitoring wells show water levels between 0-5 m, while 29.","crops, lakh quintals, groundwater, fertilizers, fertilizer, kharif, cotton, water, seeds, seed",07-07-2025_Minutes of the meeting of CWWG as on 07.07.2025.pdf,CWWG_00001,1
1813,07.07.2025,Kharif,Rice,,,,,,,"monitoring wells show water levels between 0-5 m, while 29.","crops, lakh quintals, groundwater, fertilizers, fertilizer, kharif, cotton, water, seeds, seed",07-07-2025_Minutes of the meeting of CWWG as on 07.07.2025.pdf,CWWG_00001,1
1814,07.07.2025,Kharif,Moong,,,,,,,"monitoring wells show water levels between 0-5 m, while 29.","crops, lakh quintals, groundwater, fertilizers, fertilizer, kharif, cotton, water, seeds, seed",07-07-2025_Minutes of the meeting of CWWG as on 07.07.2025.pdf,CWWG_00001,1
1815,07.07.2025,Kharif,Urad,,,,,,,"monitoring wells show water levels between 0-5 m, while 29.","crops, lakh quintals, groundwater, fertilizers, fertilizer, kharif, cotton, water, seeds, seed",07-07-2025_Minutes of the meeting of CWWG as on 07.07.2025.pdf,CWWG_00001,1
1816,07.07.2025,Kharif,Groundnut,,,,,,,"monitoring wells show water levels between 0-5 m, while 29.","crops, lakh quintals, groundwater, fertilizers, fertilizer, kharif, cotton, water, seeds, seed",07-07-2025_Minutes of the meeting of CWWG as on 07.07.2025.pdf,CWWG_00001,1
1817,07.07.2025,Kharif,Cotton,,,,,,,"monitoring wells show water levels between 0-5 m, while 29.","crops, lakh quintals, groundwater, fertilizers, fertilizer, kharif, cotton, water, seeds, seed",07-07-2025_Minutes of the meeting of CWWG as on 07.07.2025.pdf,CWWG_00001,1
1870,,,Castor,,,,,,,No Advisory,"pulses, crop, cotton, kharif, jowar, bajra, maize, rice, area, ministry agriculture",07-07-2025_Minutes of the meeting of CWWG as on 07.07.2025.pdf,CWWG_00005,6
1879,04-09-2025,Kharif,Soybean,Maharashtra,,,,,,monitoring is being carried out.,"pests diseases, lakh quintals, fertilizers, fertilizer, kharif, seeds, crops, seed, rice, economic threshold",08-09-2025_Minutes of the meeting of CWWG as on 08.09.2025.pdf,CWWG_00003,1
1880,04-09-2025,Kharif,Soybean,Madhya Pradesh,,,,,,monitoring is being carried out.,"pests diseases, lakh quintals, fertilizers, fertilizer, kharif, seeds, crops, seed, rice, economic threshold",08-09-2025_Minutes of the meeting of CWWG as on 08.09.2025.pdf,CWWG_00003,1
1881,04-09-2025,Kharif,Soybean,Rajasthan,,,,,,monitoring is being carried out.,"pests diseases, lakh quintals, fertilizers, fertilizer, kharif, seeds, crops, seed, rice, economic threshold",08-09-2025_Minutes of the meeting of CWWG as on 08.09.2025.pdf,CWWG_00003,1
1882,04-09-2025,Kharif,Moong,Maharashtra,,,,,,monitoring is being carried out.,"pests diseases, lakh quintals, fertilizers, fertilizer, kharif, seeds, crops, seed, rice, economic threshold",08-09-2025_Minutes of the meeting of CWWG as on 08.09.2025.pdf,CWWG_00003,1
1883,04-09-2025,Kharif,Moong,Madhya Pradesh,,,,,,monitoring is being carried out.,"pests diseases, lakh quintals, fertilizers, fertilizer, kharif, seeds, crops, seed, rice, economic threshold",08-09-2025_Minutes of the meeting of CWWG as on 08.09.2025.pdf,CWWG_00003,1
1884,04-09-2025,Kharif,Moong,Rajasthan,,,,,,monitoring is being carried out.,"pests diseases, lakh quintals, fertilizers, fertilizer, kharif, seeds, crops, seed, rice, economic threshold",08-09-2025_Minutes of the meeting of CWWG as on 08.09.2025.pdf,CWWG_00003,1
1885,04-09-2025,Kharif,Rice,Maharashtra,,,,,,monitoring is being carried out.,"pests diseases, lakh quintals, fertilizers, fertilizer, kharif, seeds, crops, seed, rice, economic threshold",08-09-2025_Minutes of the meeting of CWWG as on 08.09.2025.pdf,CWWG_00003,1
1886,04-09-2025,Kharif,Rice,Madhya Pradesh,,,,,,monitoring is being carried out.,"pests diseases, lakh quintals, fertilizers, fertilizer, kharif, seeds, crops, seed, rice, economic threshold",08-09-2025_Minutes of the meeting of CWWG as on 08.09.2025.pdf,CWWG_00003,1
1887,04-09-2025,Kharif,Rice,Rajasthan,,,,,,monitoring is being carried out.,"pests diseases, lakh quintals, fertilizers, fertilizer, kharif, seeds, crops, seed, rice, economic threshold",08-09-2025_Minutes of the meeting of CWWG as on 08.09.2025.pdf,CWWG_00003,1
1888,04-09-2025,Kharif,Sunflower,Maharashtra,,,,,,monitoring is being carried out.,"pests diseases, lakh quintals, fertilizers, fertilizer, kharif, seeds, crops, seed, rice, economic threshold",08-09-2025_Minutes of the meeting of CWWG as on 08.09.2025.pdf,CWWG_00003,1
1889,04-09-2025,Kharif,Sunflower,Madhya Pradesh,,,,,,monitoring is being carried out.,"pests diseases, lakh quintals, fertilizers, fertilizer, kharif, seeds, crops, seed, rice, economic threshold",08-09-2025_Minutes of the meeting of CWWG as on 08.09.2025.pdf,CWWG_00003,1
1890,04-09-2025,Kharif,Sunflower,Rajasthan,,,,,,monitoring is being carried out.,"pests diseases, lakh quintals, fertilizers, fertilizer, kharif, seeds, crops, seed, rice, economic threshold",08-09-2025_Minutes of the meeting of CWWG as on 08.09.2025.pdf,CWWG_00003,1
1891,04-09-2025,Kharif,Urad,Maharashtra,,,,,,monitoring is being carried out.,"pests diseases, lakh quintals, fertilizers, fertilizer, kharif, seeds, crops, seed, rice, economic threshold",08-09-2025_Minutes of the meeting of CWWG as on 08.09.2025.pdf,CWWG_00003,1
1892,04-09-2025,Kharif,Urad,Madhya Pradesh,,,,,,monitoring is being carried out.,"pests diseases, lakh quintals, fertilizers, fertilizer, kharif, seeds, crops, seed, rice, economic threshold",08-09-2025_Minutes of the meeting of CWWG as on 08.09.2025.pdf,CWWG_00003,1
1893,04-09-2025,Kharif,Urad,Rajasthan,,,,,,monitoring is being carried out.,"pests diseases, lakh quintals, fertilizers, fertilizer, kharif, seeds, crops, seed, rice, economic threshold",08-09-2025_Minutes of the meeting of CWWG as on 08.09.2025.pdf,CWWG_00003,1
1894,04-09-2025,Kharif,Groundnut,Maharashtra,,,,,,monitoring is being carried out.,"pests diseases, lakh quintals, fertilizers, fertilizer, kharif, seeds, crops, seed, rice, economic threshold",08-09-2025_Minutes of the meeting of CWWG as on 08.09.2025.pdf,CWWG_00003,1
1895,04-09-2025,Kharif,Groundnut,Madhya Pradesh,,,,,,monitoring is being carried out.,"pests diseases, lakh quintals, fertilizers, fertilizer, kharif, seeds, crops, seed, rice, economic threshold",08-09-2025_Minutes of the meeting of CWWG as on 08.09.2025.pdf,CWWG_00003,1
1896,04-09-2025,Kharif,Groundnut,Rajasthan,,,,,,monitoring is being carried out.,"pests diseases, lakh quintals, fertilizers, fertilizer, kharif, seeds, crops, seed, rice, economic threshold",08-09-2025_Minutes of the meeting of CWWG as on 08.09.2025.pdf,CWWG_00003,1
1914,01.09.2025,,Soybean,Madhya Pradesh,,Pest Incidence,,,,monitoring is being carried out by all field functionaries as follow up action.,"pest, functionaries follow, field functionaries, incidence reported, regular monitoring, monitoring carried, reported advisory, advisory issued, pest incidence, issued through",08-09-2025_Minutes of the meeting of CWWG as on 08.09.2025.pdf,CWWG_00010,9
1969,03.10.2025,,Rice,Manipur,,,,,,No Advisory,"harvesting has, has completed, harvesting, has, pulses, harvested, jowar, bajra, crop, madhya pradesh",08-12-2025_Minutes of the meeting of CWWG as on 08.12.2025.pdf,CWWG_00009,9
1988,03.10.2025,,Bajra,Punjab,,,,,,No Advisory,"harvesting has, has completed, harvesting, has, pulses, harvested, jowar, bajra, crop, madhya pradesh",08-12-2025_Minutes of the meeting of CWWG as on 08.12.2025.pdf,CWWG_00009,9
1989,03.10.2025,,Bajra,Manipur,,,,,,No Advisory,"harvesting has, has completed, harvesting, has, pulses, harvested, jowar, bajra, crop, madhya pradesh",08-12-2025_Minutes of the meeting of CWWG as on 08.12.2025.pdf,CWWG_00009,9
2025,03.10.2025,,Ragi,West Bengal,,,,,,No Advisory,"harvesting has, has completed, harvesting, has, pulses, harvested, jowar, bajra, crop, madhya pradesh",08-12-2025_Minutes of the meeting of CWWG as on 08.12.2025.pdf,CWWG_00009,9
2026,03.10.2025,,Ragi,Assam,,,,,,No Advisory,"harvesting has, has completed, harvesting, has, pulses, harvested, jowar, bajra, crop, madhya pradesh",08-12-2025_Minutes of the meeting of CWWG as on 08.12.2025.pdf,CWWG_00009,9
2028,03.10.2025,,Ragi,Punjab,,,,,,No Advisory,"harvesting has, has completed, harvesting, has, pulses, harvested, jowar, bajra, crop, madhya pradesh",08-12-2025_Minutes of the meeting of CWWG as on 08.12.2025.pdf,CWWG_00009,9
2029,03.10.2025,,Ragi,Manipur,,,,,,No Advisory,"harvesting has, has completed, harvesting, has, pulses, harvested, jowar, bajra, crop, madhya pradesh",08-12-2025_Minutes of the meeting of CWWG as on 08.12.2025.pdf,CWWG_00009,9
2030,03.10.2025,,Ragi,Nagaland,,,,,,No Advisory,"harvesting has, has completed, harvesting, has, pulses, harvested, jowar, bajra, crop, madhya pradesh",08-12-2025_Minutes of the meeting of CWWG as on 08.12.2025.pdf,CWWG_00009,9
2044,03.10.2025,,Jowar,Jharkhand,,,,,,No Advisory,"harvesting has, has completed, harvesting, has, pulses, harvested, jowar, bajra, crop, madhya pradesh",08-12-2025_Minutes of the meeting of CWWG as on 08.12.2025.pdf,CWWG_00009,9
2048,03.10.2025,,Jowar,Punjab,,,,,,No Advisory,"harvesting has, has completed, harvesting, has, pulses, harvested, jowar, bajra, crop, madhya pradesh",08-12-2025_Minutes of the meeting of CWWG as on 08.12.2025.pdf,CWWG_00009,9
2049,03.10.2025,,Jowar,Manipur,,,,,,No Advisory,"harvesting has, has completed, harvesting, has, pulses, harvested, jowar, bajra, crop, madhya pradesh",08-12-2025_Minutes of the meeting of CWWG as on 08.12.2025.pdf,CWWG_00009,9
2050,03.10.2025,,Jowar,Nagaland,,,,,,No Advisory,"harvesting has, has completed, harvesting, has, pulses, harvested, jowar, bajra, crop, madhya pradesh",08-12-2025_Minutes of the meeting of CWWG as on 08.12.2025.pdf,CWWG_00009,9
2077,,,Sesame,Uttarakhand,,,,,,No Advisory,"has harvested, harvested, pradesh, etc has, andhra pradesh, tamil nadu, has, karnataka maharashtra, madhya pradesh, pradesh bihar",08-12-2025_Minutes of the meeting of CWWG as on 08.12.2025.pdf,CWWG_00010,9
2080,,,Sesame,Haryana,,,,,,No Advisory,"has harvested, harvested, pradesh, etc has, andhra pradesh, tamil nadu, has, karnataka maharashtra, madhya pradesh, pradesh bihar",08-12-2025_Minutes of the meeting of CWWG as on 08.12.2025.pdf,CWWG_00010,9
2209,09.06.2025,Rabi,Rice,Tamil Nadu,,,,,,"monitoring wells show water levels between 0-5 m, while 29.","pests diseases, lakh quintals, groundwater, fertilizers, fertilizer, water, seeds, crops, rabi, seed",09-06-2025_Minutes of the meeting of CWWG as on 09.06.2025.pdf,CWWG_00001,1
2210,09.06.2025,Rabi,Coconut,Tamil Nadu,,,,,,"monitoring wells show water levels between 0-5 m, while 29.","pests diseases, lakh quintals, groundwater, fertilizers, fertilizer, water, seeds, crops, rabi, seed",09-06-2025_Minutes of the meeting of CWWG as on 09.06.2025.pdf,CWWG_00001,1
2211,09.06.2025,Rabi,Moong,Tamil Nadu,,,,,,"monitoring wells show water levels between 0-5 m, while 29.","pests diseases, lakh quintals, groundwater, fertilizers, fertilizer, water, seeds, crops, rabi, seed",09-06-2025_Minutes of the meeting of CWWG as on 09.06.2025.pdf,CWWG_00001,1
2212,09.06.2025,Rabi,Soybean,Tamil Nadu,,,,,,"monitoring wells show water levels between 0-5 m, while 29.","pests diseases, lakh quintals, groundwater, fertilizers, fertilizer, water, seeds, crops, rabi, seed",09-06-2025_Minutes of the meeting of CWWG as on 09.06.2025.pdf,CWWG_00001,1
2213,09.06.2025,Rabi,Gram,Tamil Nadu,,,,,,"monitoring wells show water levels between 0-5 m, while 29.","pests diseases, lakh quintals, groundwater, fertilizers, fertilizer, water, seeds, crops, rabi, seed",09-06-2025_Minutes of the meeting of CWWG as on 09.06.2025.pdf,CWWG_00001,1
2214,09.06.2025,Rabi,Sunflower,Tamil Nadu,,,,,,"monitoring wells show water levels between 0-5 m, while 29.","pests diseases, lakh quintals, groundwater, fertilizers, fertilizer, water, seeds, crops, rabi, seed",09-06-2025_Minutes of the meeting of CWWG as on 09.06.2025.pdf,CWWG_00001,1
2215,09.06.2025,Rabi,Urad,Tamil Nadu,,,,,,"monitoring wells show water levels between 0-5 m, while 29.","pests diseases, lakh quintals, groundwater, fertilizers, fertilizer, water, seeds, crops, rabi, seed",09-06-2025_Minutes of the meeting of CWWG as on 09.06.2025.pdf,CWWG_00001,1
2216,09.06.2025,Rabi,Groundnut,Tamil Nadu,,,,,,"monitoring wells show water levels between 0-5 m, while 29.","pests diseases, lakh quintals, groundwater, fertilizers, fertilizer, water, seeds, crops, rabi, seed",09-06-2025_Minutes of the meeting of CWWG as on 09.06.2025.pdf,CWWG_00001,1
2225,05/06/2025,,Wheat,Tamil Nadu,,,,,,monitorin being carried out b field functionarie follow up action.,"commodities variation, variation over, over last, last week, disease, pest, wheat, rice, mustard, potato",09-06-2025_Minutes of the meeting of CWWG as on 09.06.2025.pdf,CWWG_00007,9
2226,05/06/2025,,Wheat,Kerala,,,,,,monitorin being carried out b field functionarie follow up action.,"commodities variation, variation over, over last, last week, disease, pest, wheat, rice, mustard, potato",09-06-2025_Minutes of the meeting of CWWG as on 09.06.2025.pdf,CWWG_00007,9
2227,05/06/2025,,Rice,Tamil Nadu,,,,,,monitorin being carried out b field functionarie follow up action.,"commodities variation, variation over, over last, last week, disease, pest, wheat, rice, mustard, potato",09-06-2025_Minutes of the meeting of CWWG as on 09.06.2025.pdf,CWWG_00007,9
2228,05/06/2025,,Rice,Kerala,,,,,,monitorin being carried out b field functionarie follow up action.,"commodities variation, variation over, over last, last week, disease, pest, wheat, rice, mustard, potato",09-06-2025_Minutes of the meeting of CWWG as on 09.06.2025.pdf,CWWG_00007,9
2229,05/06/2025,,Pigeon Pea,Tamil Nadu,,,,,,monitorin being carried out b field functionarie follow up action.,"commodities variation, variation over, over last, last week, disease, pest, wheat, rice, mustard, potato",09-06-2025_Minutes of the meeting of CWWG as on 09.06.2025.pdf,CWWG_00007,9
2230,05/06/2025,,Pigeon Pea,Kerala,,,,,,monitorin being carried out b field functionarie follow up action.,"commodities variation, variation over, over last, last week, disease, pest, wheat, rice, mustard, potato",09-06-2025_Minutes of the meeting of CWWG as on 09.06.2025.pdf,CWWG_00007,9
2243,August 2024,Rabi,Wheat,Punjab,,,,rainfall,,"monitoring wells show water levels between 0-5 m, while 29.","storage, water, pests diseases, lakh quintals, groundwater, fertilizers, fertilizer, reservoir, rainfall, seeds",10-03-2025_Minutes of the meeting of CWWG as on 10.03.2025.pdf,CWWG_00001,1
2246,07.03.2025,Rabi,Maize,,,,,,,No Advisory,"area, area sown, rabi, pulses, potato, tomato, crops, onion, crop, horticulture",10-03-2025_Minutes of the meeting of CWWG as on 10.03.2025.pdf,CWWG_00006,7
2248,07.03.2025,Rabi,Sunflower,,,,,,,No Advisory,"area, area sown, rabi, pulses, potato, tomato, crops, onion, crop, horticulture",10-03-2025_Minutes of the meeting of CWWG as on 10.03.2025.pdf,CWWG_00006,7
2249,07.03.2025,Rabi,Bajra,,,,,,,No Advisory,"area, area sown, rabi, pulses, potato, tomato, crops, onion, crop, horticulture",10-03-2025_Minutes of the meeting of CWWG as on 10.03.2025.pdf,CWWG_00006,7
2252,07.03.2025,Rabi,Groundnut,,,,,,,No Advisory,"area, area sown, rabi, pulses, potato, tomato, crops, onion, crop, horticulture",10-03-2025_Minutes of the meeting of CWWG as on 10.03.2025.pdf,CWWG_00006,7
2253,07.03.2025,Rabi,Ragi,,,,,,,No Advisory,"area, area sown, rabi, pulses, potato, tomato, crops, onion, crop, horticulture",10-03-2025_Minutes of the meeting of CWWG as on 10.03.2025.pdf,CWWG_00006,7
2268,10th March,,Wheat,Punjab,Rupnagar district,,,,,recommended pesticides.,"rabi, pest, disease, wheat, crop, cipmc jalandhar, opening stock, stock rabi, district, punjab",10-03-2025_Minutes of the meeting of CWWG as on 10.03.2025.pdf,CWWG_00009,9
2632,08.08-2025,Kharif,Rice,Karnataka,,,,,,monitoring is being carried out.,"rice, pests diseases, lakh quintals, fertilizers, fertilizer, kharif, seeds, maize, crops, seed",11-08-2025_Minutes of the meeting of CWWG as on 11.08.2025.pdf,CWWG_00003,1
2633,08.08-2025,Kharif,Rice,Haryana,,,,,,monitoring is being carried out.,"rice, pests diseases, lakh quintals, fertilizers, fertilizer, kharif, seeds, maize, crops, seed",11-08-2025_Minutes of the meeting of CWWG as on 11.08.2025.pdf,CWWG_00003,1
2634,08.08-2025,Kharif,Rice,Assam,,,,,,monitoring is being carried out.,"rice, pests diseases, lakh quintals, fertilizers, fertilizer, kharif, seeds, maize, crops, seed",11-08-2025_Minutes of the meeting of CWWG as on 11.08.2025.pdf,CWWG_00003,1
2635,08.08-2025,Kharif,Maize,Karnataka,,,,,,monitoring is being carried out.,"rice, pests diseases, lakh quintals, fertilizers, fertilizer, kharif, seeds, maize, crops, seed",11-08-2025_Minutes of the meeting of CWWG as on 11.08.2025.pdf,CWWG_00003,1
2636,08.08-2025,Kharif,Maize,Haryana,,,,,,monitoring is being carried out.,"rice, pests diseases, lakh quintals, fertilizers, fertilizer, kharif, seeds, maize, crops, seed",11-08-2025_Minutes of the meeting of CWWG as on 11.08.2025.pdf,CWWG_00003,1
2637,08.08-2025,Kharif,Maize,Assam,,,,,,monitoring is being carried out.,"rice, pests diseases, lakh quintals, fertilizers, fertilizer, kharif, seeds, maize, crops, seed",11-08-2025_Minutes of the meeting of CWWG as on 11.08.2025.pdf,CWWG_00003,1
2638,08.08-2025,Kharif,Sunflower,Karnataka,,,,,,monitoring is being carried out.,"rice, pests diseases, lakh quintals, fertilizers, fertilizer, kharif, seeds, maize, crops, seed",11-08-2025_Minutes of the meeting of CWWG as on 11.08.2025.pdf,CWWG_00003,1
2639,08.08-2025,Kharif,Sunflower,Haryana,,,,,,monitoring is being carried out.,"rice, pests diseases, lakh quintals, fertilizers, fertilizer, kharif, seeds, maize, crops, seed",11-08-2025_Minutes of the meeting of CWWG as on 11.08.2025.pdf,CWWG_00003,1
2640,08.08-2025,Kharif,Sunflower,Assam,,,,,,monitoring is being carried out.,"rice, pests diseases, lakh quintals, fertilizers, fertilizer, kharif, seeds, maize, crops, seed",11-08-2025_Minutes of the meeting of CWWG as on 11.08.2025.pdf,CWWG_00003,1
2641,08.08-2025,Kharif,Soybean,Karnataka,,,,,,monitoring is being carried out.,"rice, pests diseases, lakh quintals, fertilizers, fertilizer, kharif, seeds, maize, crops, seed",11-08-2025_Minutes of the meeting of CWWG as on 11.08.2025.pdf,CWWG_00003,1
2642,08.08-2025,Kharif,Soybean,Haryana,,,,,,monitoring is being carried out.,"rice, pests diseases, lakh quintals, fertilizers, fertilizer, kharif, seeds, maize, crops, seed",11-08-2025_Minutes of the meeting of CWWG as on 11.08.2025.pdf,CWWG_00003,1
2643,08.08-2025,Kharif,Soybean,Assam,,,,,,monitoring is being carried out.,"rice, pests diseases, lakh quintals, fertilizers, fertilizer, kharif, seeds, maize, crops, seed",11-08-2025_Minutes of the meeting of CWWG as on 11.08.2025.pdf,CWWG_00003,1
2644,08.08-2025,Kharif,Groundnut,Karnataka,,,,,,monitoring is being carried out.,"rice, pests diseases, lakh quintals, fertilizers, fertilizer, kharif, seeds, maize, crops, seed",11-08-2025_Minutes of the meeting of CWWG as on 11.08.2025.pdf,CWWG_00003,1
2645,08.08-2025,Kharif,Groundnut,Haryana,,,,,,monitoring is being carried out.,"rice, pests diseases, lakh quintals, fertilizers, fertilizer, kharif, seeds, maize, crops, seed",11-08-2025_Minutes of the meeting of CWWG as on 11.08.2025.pdf,CWWG_00003,1
2646,08.08-2025,Kharif,Groundnut,Assam,,,,,,monitoring is being carried out.,"rice, pests diseases, lakh quintals, fertilizers, fertilizer, kharif, seeds, maize, crops, seed",11-08-2025_Minutes of the meeting of CWWG as on 11.08.2025.pdf,CWWG_00003,1
2647,08.08-2025,Kharif,Moong,Karnataka,,,,,,monitoring is being carried out.,"rice, pests diseases, lakh quintals, fertilizers, fertilizer, kharif, seeds, maize, crops, seed",11-08-2025_Minutes of the meeting of CWWG as on 11.08.2025.pdf,CWWG_00003,1
2648,08.08-2025,Kharif,Moong,Haryana,,,,,,monitoring is being carried out.,"rice, pests diseases, lakh quintals, fertilizers, fertilizer, kharif, seeds, maize, crops, seed",11-08-2025_Minutes of the meeting of CWWG as on 11.08.2025.pdf,CWWG_00003,1
2649,08.08-2025,Kharif,Moong,Assam,,,,,,monitoring is being carried out.,"rice, pests diseases, lakh quintals, fertilizers, fertilizer, kharif, seeds, maize, crops, seed",11-08-2025_Minutes of the meeting of CWWG as on 11.08.2025.pdf,CWWG_00003,1
2657,04.08.2025,,Rice,Haryana,,,,,,recommended insecticides as per label claim.,"disease, pest, rice, maize, crop, functionaries follow, field functionaries, incidence reported, regular monitoring, monitoring carried",11-08-2025_Minutes of the meeting of CWWG as on 11.08.2025.pdf,CWWG_00008,8
2658,04.08.2025,,Rice,Karnataka,,,,,,recommended insecticides as per label claim.,"disease, pest, rice, maize, crop, functionaries follow, field functionaries, incidence reported, regular monitoring, monitoring carried",11-08-2025_Minutes of the meeting of CWWG as on 11.08.2025.pdf,CWWG_00008,8
2659,04.08.2025,,Rice,Assam,,,,,,recommended insecticides as per label claim.,"disease, pest, rice, maize, crop, functionaries follow, field functionaries, incidence reported, regular monitoring, monitoring carried",11-08-2025_Minutes of the meeting of CWWG as on 11.08.2025.pdf,CWWG_00008,8
2660,04.08.2025,,Maize,Haryana,,,,,,recommended insecticides as per label claim.,"disease, pest, rice, maize, crop, functionaries follow, field functionaries, incidence reported, regular monitoring, monitoring carried",11-08-2025_Minutes of the meeting of CWWG as on 11.08.2025.pdf,CWWG_00008,8
2661,04.08.2025,,Maize,Karnataka,,,,,,recommended insecticides as per label claim.,"disease, pest, rice, maize, crop, functionaries follow, field functionaries, incidence reported, regular monitoring, monitoring carried",11-08-2025_Minutes of the meeting of CWWG as on 11.08.2025.pdf,CWWG_00008,8
2662,04.08.2025,,Maize,Assam,,,,,,recommended insecticides as per label claim.,"disease, pest, rice, maize, crop, functionaries follow, field functionaries, incidence reported, regular monitoring, monitoring carried",11-08-2025_Minutes of the meeting of CWWG as on 11.08.2025.pdf,CWWG_00008,8
2672,,Rabi,Onion,Himachal Pradesh,,Fresh Western Disturbance,minimum temperatures,rainfall,,No Advisory,"lakh, rainfall, rabi, lakh lakh, crops, horticulture, area lakh, weather, potato, tomato",13-01-2025_Minutes of the meeting of CWWG as on 13.01.2025.pdf,CWWG_00001,1
2673,,Rabi,Onion,Uttar Pradesh,,Fresh Western Disturbance,minimum temperatures,rainfall,,No Advisory,"lakh, rainfall, rabi, lakh lakh, crops, horticulture, area lakh, weather, potato, tomato",13-01-2025_Minutes of the meeting of CWWG as on 13.01.2025.pdf,CWWG_00001,1
2674,,Rabi,Onion,Uttarakhand,,Fresh Western Disturbance,minimum temperatures,rainfall,,No Advisory,"lakh, rainfall, rabi, lakh lakh, crops, horticulture, area lakh, weather, potato, tomato",13-01-2025_Minutes of the meeting of CWWG as on 13.01.2025.pdf,CWWG_00001,1
2675,,Rabi,Onion,Punjab,,Fresh Western Disturbance,minimum temperatures,rainfall,,No Advisory,"lakh, rainfall, rabi, lakh lakh, crops, horticulture, area lakh, weather, potato, tomato",13-01-2025_Minutes of the meeting of CWWG as on 13.01.2025.pdf,CWWG_00001,1
2676,,Rabi,Onion,Haryana,,Fresh Western Disturbance,minimum temperatures,rainfall,,No Advisory,"lakh, rainfall, rabi, lakh lakh, crops, horticulture, area lakh, weather, potato, tomato",13-01-2025_Minutes of the meeting of CWWG as on 13.01.2025.pdf,CWWG_00001,1
2677,,Rabi,Tomato,Himachal Pradesh,,Fresh Western Disturbance,minimum temperatures,rainfall,,No Advisory,"lakh, rainfall, rabi, lakh lakh, crops, horticulture, area lakh, weather, potato, tomato",13-01-2025_Minutes of the meeting of CWWG as on 13.01.2025.pdf,CWWG_00001,1
2678,,Rabi,Tomato,Uttar Pradesh,,Fresh Western Disturbance,minimum temperatures,rainfall,,No Advisory,"lakh, rainfall, rabi, lakh lakh, crops, horticulture, area lakh, weather, potato, tomato",13-01-2025_Minutes of the meeting of CWWG as on 13.01.2025.pdf,CWWG_00001,1
2679,,Rabi,Tomato,Uttarakhand,,Fresh Western Disturbance,minimum temperatures,rainfall,,No Advisory,"lakh, rainfall, rabi, lakh lakh, crops, horticulture, area lakh, weather, potato, tomato",13-01-2025_Minutes of the meeting of CWWG as on 13.01.2025.pdf,CWWG_00001,1
2680,,Rabi,Tomato,Punjab,,Fresh Western Disturbance,minimum temperatures,rainfall,,No Advisory,"lakh, rainfall, rabi, lakh lakh, crops, horticulture, area lakh, weather, potato, tomato",13-01-2025_Minutes of the meeting of CWWG as on 13.01.2025.pdf,CWWG_00001,1
2681,,Rabi,Tomato,Haryana,,Fresh Western Disturbance,minimum temperatures,rainfall,,No Advisory,"lakh, rainfall, rabi, lakh lakh, crops, horticulture, area lakh, weather, potato, tomato",13-01-2025_Minutes of the meeting of CWWG as on 13.01.2025.pdf,CWWG_00001,1
2682,,Rabi,Potato,Himachal Pradesh,,Fresh Western Disturbance,minimum temperatures,rainfall,,No Advisory,"lakh, rainfall, rabi, lakh lakh, crops, horticulture, area lakh, weather, potato, tomato",13-01-2025_Minutes of the meeting of CWWG as on 13.01.2025.pdf,CWWG_00001,1
2683,,Rabi,Potato,Uttar Pradesh,,Fresh Western Disturbance,minimum temperatures,rainfall,,No Advisory,"lakh, rainfall, rabi, lakh lakh, crops, horticulture, area lakh, weather, potato, tomato",13-01-2025_Minutes of the meeting of CWWG as on 13.01.2025.pdf,CWWG_00001,1
2684,,Rabi,Potato,Uttarakhand,,Fresh Western Disturbance,minimum temperatures,rainfall,,No Advisory,"lakh, rainfall, rabi, lakh lakh, crops, horticulture, area lakh, weather, potato, tomato",13-01-2025_Minutes of the meeting of CWWG as on 13.01.2025.pdf,CWWG_00001,1
2685,,Rabi,Potato,Punjab,,Fresh Western Disturbance,minimum temperatures,rainfall,,No Advisory,"lakh, rainfall, rabi, lakh lakh, crops, horticulture, area lakh, weather, potato, tomato",13-01-2025_Minutes of the meeting of CWWG as on 13.01.2025.pdf,CWWG_00001,1
2686,,Rabi,Potato,Haryana,,Fresh Western Disturbance,minimum temperatures,rainfall,,No Advisory,"lakh, rainfall, rabi, lakh lakh, crops, horticulture, area lakh, weather, potato, tomato",13-01-2025_Minutes of the meeting of CWWG as on 13.01.2025.pdf,CWWG_00001,1
2687,10.01.2025,Rabi,Wheat,Karnataka,,,,,,No Advisory,"wheat, area, lakh, area lakh, mustard, jowar, rabi, sowing status, previous year, lakh sowing",13-01-2025_Minutes of the meeting of CWWG as on 13.01.2025.pdf,CWWG_00005,3
2688,10.01.2025,Rabi,Wheat,Maharashtra,,,,,,No Advisory,"wheat, area, lakh, area lakh, mustard, jowar, rabi, sowing status, previous year, lakh sowing",13-01-2025_Minutes of the meeting of CWWG as on 13.01.2025.pdf,CWWG_00005,3
2689,10.01.2025,Rabi,Mustard,Karnataka,,,,,,No Advisory,"wheat, area, lakh, area lakh, mustard, jowar, rabi, sowing status, previous year, lakh sowing",13-01-2025_Minutes of the meeting of CWWG as on 13.01.2025.pdf,CWWG_00005,3
2690,10.01.2025,Rabi,Mustard,Maharashtra,,,,,,No Advisory,"wheat, area, lakh, area lakh, mustard, jowar, rabi, sowing status, previous year, lakh sowing",13-01-2025_Minutes of the meeting of CWWG as on 13.01.2025.pdf,CWWG_00005,3
2706,13th January,Rabi,Soybean,,,,,,,No Advisory,"rabi, fertilizer, compared total, sown compared, horticulture, total area, lakh area, area sown, sown lakh, area has",13-01-2025_Minutes of the meeting of CWWG as on 13.01.2025.pdf,CWWG_00010,7
2715,13th January,Rabi,Moong,,,,,,,No Advisory,"rabi, fertilizer, compared total, sown compared, horticulture, total area, lakh area, area sown, sown lakh, area has",13-01-2025_Minutes of the meeting of CWWG as on 13.01.2025.pdf,CWWG_00010,7
2716,13th January,Rabi,Urad,,,,,,,No Advisory,"rabi, fertilizer, compared total, sown compared, horticulture, total area, lakh area, area sown, sown lakh, area has",13-01-2025_Minutes of the meeting of CWWG as on 13.01.2025.pdf,CWWG_00010,7
2717,13th January,Rabi,Pigeon Pea,,,,,,,No Advisory,"rabi, fertilizer, compared total, sown compared, horticulture, total area, lakh area, area sown, sown lakh, area has",13-01-2025_Minutes of the meeting of CWWG as on 13.01.2025.pdf,CWWG_00010,7
2718,06.01.2025,,Rice,Tamil Nadu,Thirupathur district,,,,,monitoring is being carried out by all field functionaries as follow up action.,"pest, rice, week week, disease, mustard, potato, tomato, kharif, wheat, onion",13-01-2025_Minutes of the meeting of CWWG as on 13.01.2025.pdf,CWWG_00011,7
2719,06.01.2025,,Wheat,Tamil Nadu,Thirupathur district,,,,,monitoring is being carried out by all field functionaries as follow up action.,"pest, rice, week week, disease, mustard, potato, tomato, kharif, wheat, onion",13-01-2025_Minutes of the meeting of CWWG as on 13.01.2025.pdf,CWWG_00011,7
2720,06.01.2025,,Mustard,Tamil Nadu,Thirupathur district,,,,,monitoring is being carried out by all field functionaries as follow up action.,"pest, rice, week week, disease, mustard, potato, tomato, kharif, wheat, onion",13-01-2025_Minutes of the meeting of CWWG as on 13.01.2025.pdf,CWWG_00011,7
2721,06.01.2025,,Gram,Tamil Nadu,Thirupathur district,,,,,monitoring is being carried out by all field functionaries as follow up action.,"pest, rice, week week, disease, mustard, potato, tomato, kharif, wheat, onion",13-01-2025_Minutes of the meeting of CWWG as on 13.01.2025.pdf,CWWG_00011,7
2722,06.01.2025,,Moong,Tamil Nadu,Thirupathur district,,,,,monitoring is being carried out by all field functionaries as follow up action.,"pest, rice, week week, disease, mustard, potato, tomato, kharif, wheat, onion",13-01-2025_Minutes of the meeting of CWWG as on 13.01.2025.pdf,CWWG_00011,7
2723,06.01.2025,,Urad,Tamil Nadu,Thirupathur district,,,,,monitoring is being carried out by all field functionaries as follow up action.,"pest, rice, week week, disease, mustard, potato, tomato, kharif, wheat, onion",13-01-2025_Minutes of the meeting of CWWG as on 13.01.2025.pdf,CWWG_00011,7
2724,06.01.2025,,Tomato,Tamil Nadu,Thirupathur district,,,,,monitoring is being carried out by all field functionaries as follow up action.,"pest, rice, week week, disease, mustard, potato, tomato, kharif, wheat, onion",13-01-2025_Minutes of the meeting of CWWG as on 13.01.2025.pdf,CWWG_00011,7
2725,06.01.2025,,Potato,Tamil Nadu,Thirupathur district,,,,,monitoring is being carried out by all field functionaries as follow up action.,"pest, rice, week week, disease, mustard, potato, tomato, kharif, wheat, onion",13-01-2025_Minutes of the meeting of CWWG as on 13.01.2025.pdf,CWWG_00011,7
2726,06.01.2025,,Onion,Tamil Nadu,Thirupathur district,,,,,monitoring is being carried out by all field functionaries as follow up action.,"pest, rice, week week, disease, mustard, potato, tomato, kharif, wheat, onion",13-01-2025_Minutes of the meeting of CWWG as on 13.01.2025.pdf,CWWG_00011,7
2728,08th May 2025,Rabi,Soybean,,,,,,,monitored by CWC) is 57.,"storage, water, corresponding period, lakh quintals, groundwater, fertilizers, fertilizer, reservoir, mustard, whole",13-05-2025_Minutes of the meeting of CWWG as on 13.05.2025.pdf,CWWG_00001,1
2729,08th May 2025,Rabi,Sunflower,,,,,,,monitored by CWC) is 57.,"storage, water, corresponding period, lakh quintals, groundwater, fertilizers, fertilizer, reservoir, mustard, whole",13-05-2025_Minutes of the meeting of CWWG as on 13.05.2025.pdf,CWWG_00001,1
2730,08th May 2025,Rabi,Urad,,,,,,,monitored by CWC) is 57.,"storage, water, corresponding period, lakh quintals, groundwater, fertilizers, fertilizer, reservoir, mustard, whole",13-05-2025_Minutes of the meeting of CWWG as on 13.05.2025.pdf,CWWG_00001,1
2731,08th May 2025,Rabi,Moong,,,,,,,monitored by CWC) is 57.,"storage, water, corresponding period, lakh quintals, groundwater, fertilizers, fertilizer, reservoir, mustard, whole",13-05-2025_Minutes of the meeting of CWWG as on 13.05.2025.pdf,CWWG_00001,1
2732,08th May 2025,Rabi,Mustard,,,,,,,monitored by CWC) is 57.,"storage, water, corresponding period, lakh quintals, groundwater, fertilizers, fertilizer, reservoir, mustard, whole",13-05-2025_Minutes of the meeting of CWWG as on 13.05.2025.pdf,CWWG_00001,1
2733,08th May 2025,Rabi,Groundnut,,,,,,,monitored by CWC) is 57.,"storage, water, corresponding period, lakh quintals, groundwater, fertilizers, fertilizer, reservoir, mustard, whole",13-05-2025_Minutes of the meeting of CWWG as on 13.05.2025.pdf,CWWG_00001,1
2734,08th May 2025,Rabi,Gram,,,,,,,monitored by CWC) is 57.,"storage, water, corresponding period, lakh quintals, groundwater, fertilizers, fertilizer, reservoir, mustard, whole",13-05-2025_Minutes of the meeting of CWWG as on 13.05.2025.pdf,CWWG_00001,1
2987,14.07.2025,Kharif,Sunflower,,,,,,,"monitoring wells show water levels between 0-5 m, while 29.","lakh quintals, groundwater, fertilizers, fertilizer, kharif, water, seeds, crops, seed, pest",14-07-2025_Minutes of the meeting of CWWG as on 14.07.2025.pdf,CWWG_00001,1
3057,11th April 2025,Rabi,Coconut,Karnataka,,,,,,monitored by CWC) is 66.,"storage, water, corresponding period, pests diseases, lakh quintals, groundwater, fertilizers, fertilizer, reservoir, mustard",15-04-2025_Minutes of the meeting of CWWG as on 15.04.2025.pdf,CWWG_00001,1
3058,11th April 2025,Rabi,Sunflower,Karnataka,,,,,,monitored by CWC) is 66.,"storage, water, corresponding period, pests diseases, lakh quintals, groundwater, fertilizers, fertilizer, reservoir, mustard",15-04-2025_Minutes of the meeting of CWWG as on 15.04.2025.pdf,CWWG_00001,1
3059,11th April 2025,Rabi,Soybean,Karnataka,,,,,,monitored by CWC) is 66.,"storage, water, corresponding period, pests diseases, lakh quintals, groundwater, fertilizers, fertilizer, reservoir, mustard",15-04-2025_Minutes of the meeting of CWWG as on 15.04.2025.pdf,CWWG_00001,1
3060,11th April 2025,Rabi,Groundnut,Karnataka,,,,,,monitored by CWC) is 66.,"storage, water, corresponding period, pests diseases, lakh quintals, groundwater, fertilizers, fertilizer, reservoir, mustard",15-04-2025_Minutes of the meeting of CWWG as on 15.04.2025.pdf,CWWG_00001,1
3061,11th April 2025,Rabi,Mustard,Karnataka,,,,,,monitored by CWC) is 66.,"storage, water, corresponding period, pests diseases, lakh quintals, groundwater, fertilizers, fertilizer, reservoir, mustard",15-04-2025_Minutes of the meeting of CWWG as on 15.04.2025.pdf,CWWG_00001,1
3062,11th April 2025,Rabi,Urad,Karnataka,,,,,,monitored by CWC) is 66.,"storage, water, corresponding period, pests diseases, lakh quintals, groundwater, fertilizers, fertilizer, reservoir, mustard",15-04-2025_Minutes of the meeting of CWWG as on 15.04.2025.pdf,CWWG_00001,1
3063,11.04.2025,Summer,Rice,Maharashtra,,Soil Moisture Observation,Temperature,,,No Advisory,"area coverage, summer, crops, moisture, area, rice, lakh, corresponding period, lakh corresponding, reported compared",15-04-2025_Minutes of the meeting of CWWG as on 15.04.2025.pdf,CWWG_00006,8
3064,11.04.2025,Summer,Rice,Karnataka,,Soil Moisture Observation,Temperature,,,No Advisory,"area coverage, summer, crops, moisture, area, rice, lakh, corresponding period, lakh corresponding, reported compared",15-04-2025_Minutes of the meeting of CWWG as on 15.04.2025.pdf,CWWG_00006,8
3065,11.04.2025,Summer,Rice,Haryana,,Soil Moisture Observation,Temperature,,,No Advisory,"area coverage, summer, crops, moisture, area, rice, lakh, corresponding period, lakh corresponding, reported compared",15-04-2025_Minutes of the meeting of CWWG as on 15.04.2025.pdf,CWWG_00006,8
3066,11.04.2025,Summer,Rice,Punjab,,Soil Moisture Observation,Temperature,,,No Advisory,"area coverage, summer, crops, moisture, area, rice, lakh, corresponding period, lakh corresponding, reported compared",15-04-2025_Minutes of the meeting of CWWG as on 15.04.2025.pdf,CWWG_00006,8
3067,11.04.2025,Summer,Rice,Gujarat,,Soil Moisture Observation,Temperature,,,No Advisory,"area coverage, summer, crops, moisture, area, rice, lakh, corresponding period, lakh corresponding, reported compared",15-04-2025_Minutes of the meeting of CWWG as on 15.04.2025.pdf,CWWG_00006,8
3068,11.04.2025,Summer,Rice,Telangana,,Soil Moisture Observation,Temperature,,,No Advisory,"area coverage, summer, crops, moisture, area, rice, lakh, corresponding period, lakh corresponding, reported compared",15-04-2025_Minutes of the meeting of CWWG as on 15.04.2025.pdf,CWWG_00006,8
3069,11.04.2025,Summer,Rice,Rajasthan,,Soil Moisture Observation,Temperature,,,No Advisory,"area coverage, summer, crops, moisture, area, rice, lakh, corresponding period, lakh corresponding, reported compared",15-04-2025_Minutes of the meeting of CWWG as on 15.04.2025.pdf,CWWG_00006,8
3070,11.04.2025,Summer,Rice,Tamil Nadu,,Soil Moisture Observation,Temperature,,,No Advisory,"area coverage, summer, crops, moisture, area, rice, lakh, corresponding period, lakh corresponding, reported compared",15-04-2025_Minutes of the meeting of CWWG as on 15.04.2025.pdf,CWWG_00006,8
3071,11.04.2025,Summer,Rice,Chhattisgarh,,Soil Moisture Observation,Temperature,,,No Advisory,"area coverage, summer, crops, moisture, area, rice, lakh, corresponding period, lakh corresponding, reported compared",15-04-2025_Minutes of the meeting of CWWG as on 15.04.2025.pdf,CWWG_00006,8
3072,11.04.2025,Summer,Rice,Bihar,,Soil Moisture Observation,Temperature,,,No Advisory,"area coverage, summer, crops, moisture, area, rice, lakh, corresponding period, lakh corresponding, reported compared",15-04-2025_Minutes of the meeting of CWWG as on 15.04.2025.pdf,CWWG_00006,8
3127,04.04.2025,,Wheat,,Chitradurga,,,,,monitoring is being carried out by all field functionaries as follow up action.,"commodities variation, variation over, over last, last week, pest, mustard, tomato, potato, wheat, onion",15-04-2025_Minutes of the meeting of CWWG as on 15.04.2025.pdf,CWWG_00011,12
3128,04.04.2025,,Rice,,Chitradurga,,,,,monitoring is being carried out by all field functionaries as follow up action.,"commodities variation, variation over, over last, last week, pest, mustard, tomato, potato, wheat, onion",15-04-2025_Minutes of the meeting of CWWG as on 15.04.2025.pdf,CWWG_00011,12
3243,,,Jowar,Arunachal Pradesh,,,,,,No Advisory,"harvesting, harvesting going, andhra pradesh, tamil nadu, nadu harvesting, going andhra, pradesh, harvesting completed, harvesting stage, west bengal",15-04-2025_Minutes of the meeting of CWWG as on 15.04.2025.pdf,CWWG_00015,14
3262,,,Barley,Tripura,,,,,,No Advisory,"harvesting, harvesting going, harvesting has, has completed, pradesh, andhra pradesh, west bengal, mustard, maharashtra, completed",15-04-2025_Minutes of the meeting of CWWG as on 15.04.2025.pdf,CWWG_00016,14
3267,,,Barley,Sikkim,,,,,,No Advisory,"harvesting, harvesting going, harvesting has, has completed, pradesh, andhra pradesh, west bengal, mustard, maharashtra, completed",15-04-2025_Minutes of the meeting of CWWG as on 15.04.2025.pdf,CWWG_00016,14
3289,,,Sunflower,Arunachal Pradesh,,,,,,No Advisory,"harvesting, harvesting going, harvesting has, has completed, pradesh, andhra pradesh, west bengal, mustard, maharashtra, completed",15-04-2025_Minutes of the meeting of CWWG as on 15.04.2025.pdf,CWWG_00016,14
3293,,,Sunflower,Sikkim,,,,,,No Advisory,"harvesting, harvesting going, harvesting has, has completed, pradesh, andhra pradesh, west bengal, mustard, maharashtra, completed",15-04-2025_Minutes of the meeting of CWWG as on 15.04.2025.pdf,CWWG_00016,14
3294,,,Sunflower,Mizoram,,,,,,No Advisory,"harvesting, harvesting going, harvesting has, has completed, pradesh, andhra pradesh, west bengal, mustard, maharashtra, completed",15-04-2025_Minutes of the meeting of CWWG as on 15.04.2025.pdf,CWWG_00016,14
3296,,,Sunflower,Manipur,,,,,,No Advisory,"harvesting, harvesting going, harvesting has, has completed, pradesh, andhra pradesh, west bengal, mustard, maharashtra, completed",15-04-2025_Minutes of the meeting of CWWG as on 15.04.2025.pdf,CWWG_00016,14
3309,,,Safflower,Punjab,,,,,,No Advisory,"harvesting, harvesting going, harvesting has, has completed, pradesh, andhra pradesh, west bengal, mustard, maharashtra, completed",15-04-2025_Minutes of the meeting of CWWG as on 15.04.2025.pdf,CWWG_00016,14
3315,,,Safflower,Arunachal Pradesh,,,,,,No Advisory,"harvesting, harvesting going, harvesting has, has completed, pradesh, andhra pradesh, west bengal, mustard, maharashtra, completed",15-04-2025_Minutes of the meeting of CWWG as on 15.04.2025.pdf,CWWG_00016,14
3319,,,Safflower,Sikkim,,,,,,No Advisory,"harvesting, harvesting going, harvesting has, has completed, pradesh, andhra pradesh, west bengal, mustard, maharashtra, completed",15-04-2025_Minutes of the meeting of CWWG as on 15.04.2025.pdf,CWWG_00016,14
3320,,,Safflower,Mizoram,,,,,,No Advisory,"harvesting, harvesting going, harvesting has, has completed, pradesh, andhra pradesh, west bengal, mustard, maharashtra, completed",15-04-2025_Minutes of the meeting of CWWG as on 15.04.2025.pdf,CWWG_00016,14
3322,,,Safflower,Manipur,,,,,,No Advisory,"harvesting, harvesting going, harvesting has, has completed, pradesh, andhra pradesh, west bengal, mustard, maharashtra, completed",15-04-2025_Minutes of the meeting of CWWG as on 15.04.2025.pdf,CWWG_00016,14
3340,,,Groundnut,Tripura,,,,,,No Advisory,"harvesting, harvesting going, harvesting has, has completed, pradesh, andhra pradesh, west bengal, mustard, maharashtra, completed",15-04-2025_Minutes of the meeting of CWWG as on 15.04.2025.pdf,CWWG_00016,14
3345,,,Groundnut,Sikkim,,,,,,No Advisory,"harvesting, harvesting going, harvesting has, has completed, pradesh, andhra pradesh, west bengal, mustard, maharashtra, completed",15-04-2025_Minutes of the meeting of CWWG as on 15.04.2025.pdf,CWWG_00016,14
3365,11-09-2025,,Soybean,Madhya Pradesh,,,,,,monitoring is being carried out.,"lakh quintals, fertilizers, fertilizer, monsoon, kharif, water, seeds, crops, seed, rice",15-09-2025_Minutes of the meeting of CWWG as on 15.09.2025.pdf,CWWG_00003,1
3366,11-09-2025,,Soybean,Maharashtra,,,,,,monitoring is being carried out.,"lakh quintals, fertilizers, fertilizer, monsoon, kharif, water, seeds, crops, seed, rice",15-09-2025_Minutes of the meeting of CWWG as on 15.09.2025.pdf,CWWG_00003,1
3368,11-09-2025,,Rice,Madhya Pradesh,,,,,,monitoring is being carried out.,"lakh quintals, fertilizers, fertilizer, monsoon, kharif, water, seeds, crops, seed, rice",15-09-2025_Minutes of the meeting of CWWG as on 15.09.2025.pdf,CWWG_00003,1
3369,11-09-2025,,Rice,Maharashtra,,,,,,monitoring is being carried out.,"lakh quintals, fertilizers, fertilizer, monsoon, kharif, water, seeds, crops, seed, rice",15-09-2025_Minutes of the meeting of CWWG as on 15.09.2025.pdf,CWWG_00003,1
3371,11-09-2025,,Sunflower,Madhya Pradesh,,,,,,monitoring is being carried out.,"lakh quintals, fertilizers, fertilizer, monsoon, kharif, water, seeds, crops, seed, rice",15-09-2025_Minutes of the meeting of CWWG as on 15.09.2025.pdf,CWWG_00003,1
3372,11-09-2025,,Sunflower,Maharashtra,,,,,,monitoring is being carried out.,"lakh quintals, fertilizers, fertilizer, monsoon, kharif, water, seeds, crops, seed, rice",15-09-2025_Minutes of the meeting of CWWG as on 15.09.2025.pdf,CWWG_00003,1
3374,11-09-2025,,Moong,Madhya Pradesh,,,,,,monitoring is being carried out.,"lakh quintals, fertilizers, fertilizer, monsoon, kharif, water, seeds, crops, seed, rice",15-09-2025_Minutes of the meeting of CWWG as on 15.09.2025.pdf,CWWG_00003,1
3375,11-09-2025,,Moong,Maharashtra,,,,,,monitoring is being carried out.,"lakh quintals, fertilizers, fertilizer, monsoon, kharif, water, seeds, crops, seed, rice",15-09-2025_Minutes of the meeting of CWWG as on 15.09.2025.pdf,CWWG_00003,1
3377,11-09-2025,,Urad,Madhya Pradesh,,,,,,monitoring is being carried out.,"lakh quintals, fertilizers, fertilizer, monsoon, kharif, water, seeds, crops, seed, rice",15-09-2025_Minutes of the meeting of CWWG as on 15.09.2025.pdf,CWWG_00003,1
3378,11-09-2025,,Urad,Maharashtra,,,,,,monitoring is being carried out.,"lakh quintals, fertilizers, fertilizer, monsoon, kharif, water, seeds, crops, seed, rice",15-09-2025_Minutes of the meeting of CWWG as on 15.09.2025.pdf,CWWG_00003,1
3380,11-09-2025,,Groundnut,Madhya Pradesh,,,,,,monitoring is being carried out.,"lakh quintals, fertilizers, fertilizer, monsoon, kharif, water, seeds, crops, seed, rice",15-09-2025_Minutes of the meeting of CWWG as on 15.09.2025.pdf,CWWG_00003,1
3381,11-09-2025,,Groundnut,Maharashtra,,,,,,monitoring is being carried out.,"lakh quintals, fertilizers, fertilizer, monsoon, kharif, water, seeds, crops, seed, rice",15-09-2025_Minutes of the meeting of CWWG as on 15.09.2025.pdf,CWWG_00003,1
3382,11-09-2025,,Groundnut,Jharkhand,,,,,,monitoring is being carried out.,"lakh quintals, fertilizers, fertilizer, monsoon, kharif, water, seeds, crops, seed, rice",15-09-2025_Minutes of the meeting of CWWG as on 15.09.2025.pdf,CWWG_00003,1
3408,01.09.2025,,Soybean,Madhya Pradesh,,,,,,monitoring is being carried out by all field functionaries as follow up action.,"pest, functionaries follow, field functionaries, incidence reported, regular monitoring, monitoring carried, reported advisory, advisory issued, pest incidence, issued through",15-09-2025_Minutes of the meeting of CWWG as on 15.09.2025.pdf,CWWG_00009,9
3409,01.09.2025,,Soybean,Jharkhand,,,,,,monitoring is being carried out by all field functionaries as follow up action.,"pest, functionaries follow, field functionaries, incidence reported, regular monitoring, monitoring carried, reported advisory, advisory issued, pest incidence, issued through",15-09-2025_Minutes of the meeting of CWWG as on 15.09.2025.pdf,CWWG_00009,9
3410,01.09.2025,,Soybean,Maharashtra,,,,,,monitoring is being carried out by all field functionaries as follow up action.,"pest, functionaries follow, field functionaries, incidence reported, regular monitoring, monitoring carried, reported advisory, advisory issued, pest incidence, issued through",15-09-2025_Minutes of the meeting of CWWG as on 15.09.2025.pdf,CWWG_00009,9
3411,01.09.2025,,Rice,Madhya Pradesh,,,,,,monitoring is being carried out by all field functionaries as follow up action.,"pest, functionaries follow, field functionaries, incidence reported, regular monitoring, monitoring carried, reported advisory, advisory issued, pest incidence, issued through",15-09-2025_Minutes of the meeting of CWWG as on 15.09.2025.pdf,CWWG_00009,9
3412,01.09.2025,,Rice,Jharkhand,,,,,,monitoring is being carried out by all field functionaries as follow up action.,"pest, functionaries follow, field functionaries, incidence reported, regular monitoring, monitoring carried, reported advisory, advisory issued, pest incidence, issued through",15-09-2025_Minutes of the meeting of CWWG as on 15.09.2025.pdf,CWWG_00009,9
3413,01.09.2025,,Rice,Maharashtra,,,,,,monitoring is being carried out by all field functionaries as follow up action.,"pest, functionaries follow, field functionaries, incidence reported, regular monitoring, monitoring carried, reported advisory, advisory issued, pest incidence, issued through",15-09-2025_Minutes of the meeting of CWWG as on 15.09.2025.pdf,CWWG_00009,9
3651,August 2024,Kharif,Gram,,,,,,,"monitoring wells show water levels between 0-5 m, while 29.","storage, corresponding period, lakh quintals, groundwater, fertilizers, fertilizer, disease, kharif, whole, water",16-06-2025_Minutes of the meeting of CWWG as on 16.06.2025.pdf,CWWG_00001,1
3670,18th Feb,,Chilli,Himachal Pradesh,,Western Disturbance,,Cumulative seasonal rainfall,,monitoring is ongoing.,"rainfall, likely over, likely, western disturbance, isolated scattered, western himalayan, rainfall likely, light rainfall, forecast, february",17-02-2025_Minutes of the meeting of CWWG as on 17.02.2025.pdf,CWWG_00001,1
3671,18th Feb,,Chilli,Andhra Pradesh,,Western Disturbance,,Cumulative seasonal rainfall,,monitoring is ongoing.,"rainfall, likely over, likely, western disturbance, isolated scattered, western himalayan, rainfall likely, light rainfall, forecast, february",17-02-2025_Minutes of the meeting of CWWG as on 17.02.2025.pdf,CWWG_00001,1
3672,18th Feb,,Chilli,Uttarakhand,,Western Disturbance,,Cumulative seasonal rainfall,,monitoring is ongoing.,"rainfall, likely over, likely, western disturbance, isolated scattered, western himalayan, rainfall likely, light rainfall, forecast, february",17-02-2025_Minutes of the meeting of CWWG as on 17.02.2025.pdf,CWWG_00001,1
3673,18th Feb,,Chilli,Odisha,,Western Disturbance,,Cumulative seasonal rainfall,,monitoring is ongoing.,"rainfall, likely over, likely, western disturbance, isolated scattered, western himalayan, rainfall likely, light rainfall, forecast, february",17-02-2025_Minutes of the meeting of CWWG as on 17.02.2025.pdf,CWWG_00001,1
3674,18th Feb,,Chilli,Punjab,,Western Disturbance,,Cumulative seasonal rainfall,,monitoring is ongoing.,"rainfall, likely over, likely, western disturbance, isolated scattered, western himalayan, rainfall likely, light rainfall, forecast, february",17-02-2025_Minutes of the meeting of CWWG as on 17.02.2025.pdf,CWWG_00001,1
3675,18th Feb,,Chilli,Jharkhand,,Western Disturbance,,Cumulative seasonal rainfall,,monitoring is ongoing.,"rainfall, likely over, likely, western disturbance, isolated scattered, western himalayan, rainfall likely, light rainfall, forecast, february",17-02-2025_Minutes of the meeting of CWWG as on 17.02.2025.pdf,CWWG_00001,1
3676,18th Feb,,Chilli,Haryana,,Western Disturbance,,Cumulative seasonal rainfall,,monitoring is ongoing.,"rainfall, likely over, likely, western disturbance, isolated scattered, western himalayan, rainfall likely, light rainfall, forecast, february",17-02-2025_Minutes of the meeting of CWWG as on 17.02.2025.pdf,CWWG_00001,1
3687,06.02.2025,,Chilli,Andhra Pradesh,NTR district,,,,,monitoring is being carried out by all field functionaries as follow up action in the state.,"andhra pradesh, pest, horticulture, disease, crop, commissioner horticulture, horticulture andhra, black thrips, pradesh, andhra",17-02-2025_Minutes of the meeting of CWWG as on 17.02.2025.pdf,CWWG_00008,10
3865,,,Chilli,Uttar Pradesh,,,,rainfall,,monitoring is being carried out.,"water, water level, pests diseases, lakh quintals, fertilizers, fertilizer, rainfall, monsoon, kharif, level",17-11-2025_Minutes of the meeting of CWWG as on 17.11.2025.pdf,CWWG_00002,1
3879,14.11.2025,Rabi,Lentil,,,,,,,No Advisory,"area coverage, mustard, crops, wheat, rabi, area, pulses, lakh, corresponding period, lakh corresponding",17-11-2025_Minutes of the meeting of CWWG as on 17.11.2025.pdf,CWWG_00005,6
4045,06.02.2025,,Chilli,Andhra Pradesh,NTR district,,,,,monitoring is being carried out by all field functionaries as follow up action.,"pest, disease, andhra pradesh, horticulture, crop, district, pradesh, andhra, jonnalagadda nuganchiprolu, kanchikacherla vemulapalle",18-02-2025_Minutes of the meeting of CWWG as on 10.02.2025.pdf,CWWG_00011,11
4062,14.08-2025,,Urad,Haryana,,,,,,monitoring is being carried out.,"rice, pests diseases, lakh quintals, fertilizers, fertilizer, monsoon, kharif, water, seeds, crops",18-08-2025_Minutes of the meeting of CWWG as on 18.08.2025.pdf,CWWG_00003,1
4066,14.08-2025,,Soybean,Haryana,,,,,,monitoring is being carried out.,"rice, pests diseases, lakh quintals, fertilizers, fertilizer, monsoon, kharif, water, seeds, crops",18-08-2025_Minutes of the meeting of CWWG as on 18.08.2025.pdf,CWWG_00003,1
4068,14.08-2025,,Groundnut,Haryana,,,,,,monitoring is being carried out.,"rice, pests diseases, lakh quintals, fertilizers, fertilizer, monsoon, kharif, water, seeds, crops",18-08-2025_Minutes of the meeting of CWWG as on 18.08.2025.pdf,CWWG_00003,1
4070,14 August 2025,,Sugarcane,Rajasthan,coastal districts,,,,,No Advisory,"area coverage, corresponding period, lakh corresponding, compared lakh, period last, last year, parts, lakh, moisture, kharif",18-08-2025_Minutes of the meeting of CWWG as on 18.08.2025.pdf,CWWG_00006,6
4071,14 August 2025,,Sugarcane,Karnataka,coastal districts,,,,,No Advisory,"area coverage, corresponding period, lakh corresponding, compared lakh, period last, last year, parts, lakh, moisture, kharif",18-08-2025_Minutes of the meeting of CWWG as on 18.08.2025.pdf,CWWG_00006,6
4072,14 August 2025,,Sugarcane,Maharashtra,coastal districts,,,,,No Advisory,"area coverage, corresponding period, lakh corresponding, compared lakh, period last, last year, parts, lakh, moisture, kharif",18-08-2025_Minutes of the meeting of CWWG as on 18.08.2025.pdf,CWWG_00006,6
4073,14 August 2025,,Sugarcane,Gujarat,coastal districts,,,,,No Advisory,"area coverage, corresponding period, lakh corresponding, compared lakh, period last, last year, parts, lakh, moisture, kharif",18-08-2025_Minutes of the meeting of CWWG as on 18.08.2025.pdf,CWWG_00006,6
4074,14 August 2025,,Sugarcane,Tamil Nadu,coastal districts,,,,,No Advisory,"area coverage, corresponding period, lakh corresponding, compared lakh, period last, last year, parts, lakh, moisture, kharif",18-08-2025_Minutes of the meeting of CWWG as on 18.08.2025.pdf,CWWG_00006,6
4075,14 August 2025,,Sugarcane,Kerala,coastal districts,,,,,No Advisory,"area coverage, corresponding period, lakh corresponding, compared lakh, period last, last year, parts, lakh, moisture, kharif",18-08-2025_Minutes of the meeting of CWWG as on 18.08.2025.pdf,CWWG_00006,6
4076,14 August 2025,,Sugarcane,Uttar Pradesh,coastal districts,,,,,No Advisory,"area coverage, corresponding period, lakh corresponding, compared lakh, period last, last year, parts, lakh, moisture, kharif",18-08-2025_Minutes of the meeting of CWWG as on 18.08.2025.pdf,CWWG_00006,6
4077,14 August 2025,,Sugarcane,Telangana,coastal districts,,,,,No Advisory,"area coverage, corresponding period, lakh corresponding, compared lakh, period last, last year, parts, lakh, moisture, kharif",18-08-2025_Minutes of the meeting of CWWG as on 18.08.2025.pdf,CWWG_00006,6
4078,14 August 2025,,Sugarcane,Punjab,coastal districts,,,,,No Advisory,"area coverage, corresponding period, lakh corresponding, compared lakh, period last, last year, parts, lakh, moisture, kharif",18-08-2025_Minutes of the meeting of CWWG as on 18.08.2025.pdf,CWWG_00006,6
4079,14 August 2025,,Sugarcane,Bihar,coastal districts,,,,,No Advisory,"area coverage, corresponding period, lakh corresponding, compared lakh, period last, last year, parts, lakh, moisture, kharif",18-08-2025_Minutes of the meeting of CWWG as on 18.08.2025.pdf,CWWG_00006,6
4080,14 August 2025,,Sugarcane,Chhattisgarh,coastal districts,,,,,No Advisory,"area coverage, corresponding period, lakh corresponding, compared lakh, period last, last year, parts, lakh, moisture, kharif",18-08-2025_Minutes of the meeting of CWWG as on 18.08.2025.pdf,CWWG_00006,6
4081,14 August 2025,,Sugarcane,Haryana,coastal districts,,,,,No Advisory,"area coverage, corresponding period, lakh corresponding, compared lakh, period last, last year, parts, lakh, moisture, kharif",18-08-2025_Minutes of the meeting of CWWG as on 18.08.2025.pdf,CWWG_00006,6
4082,14 August 2025,,Sugarcane,Assam,coastal districts,,,,,No Advisory,"area coverage, corresponding period, lakh corresponding, compared lakh, period last, last year, parts, lakh, moisture, kharif",18-08-2025_Minutes of the meeting of CWWG as on 18.08.2025.pdf,CWWG_00006,6
4083,14 August 2025,,Sugarcane,West Bengal,coastal districts,,,,,No Advisory,"area coverage, corresponding period, lakh corresponding, compared lakh, period last, last year, parts, lakh, moisture, kharif",18-08-2025_Minutes of the meeting of CWWG as on 18.08.2025.pdf,CWWG_00006,6
4084,14 August 2025,,Sugarcane,Odisha,coastal districts,,,,,No Advisory,"area coverage, corresponding period, lakh corresponding, compared lakh, period last, last year, parts, lakh, moisture, kharif",18-08-2025_Minutes of the meeting of CWWG as on 18.08.2025.pdf,CWWG_00006,6
4085,14 August 2025,,Sugarcane,Jharkhand,coastal districts,,,,,No Advisory,"area coverage, corresponding period, lakh corresponding, compared lakh, period last, last year, parts, lakh, moisture, kharif",18-08-2025_Minutes of the meeting of CWWG as on 18.08.2025.pdf,CWWG_00006,6
4086,14 August 2025,,Soybean,Rajasthan,coastal districts,,,,,No Advisory,"area coverage, corresponding period, lakh corresponding, compared lakh, period last, last year, parts, lakh, moisture, kharif",18-08-2025_Minutes of the meeting of CWWG as on 18.08.2025.pdf,CWWG_00006,6
4087,14 August 2025,,Soybean,Karnataka,coastal districts,,,,,No Advisory,"area coverage, corresponding period, lakh corresponding, compared lakh, period last, last year, parts, lakh, moisture, kharif",18-08-2025_Minutes of the meeting of CWWG as on 18.08.2025.pdf,CWWG_00006,6
4088,14 August 2025,,Soybean,Maharashtra,coastal districts,,,,,No Advisory,"area coverage, corresponding period, lakh corresponding, compared lakh, period last, last year, parts, lakh, moisture, kharif",18-08-2025_Minutes of the meeting of CWWG as on 18.08.2025.pdf,CWWG_00006,6
4089,14 August 2025,,Soybean,Gujarat,coastal districts,,,,,No Advisory,"area coverage, corresponding period, lakh corresponding, compared lakh, period last, last year, parts, lakh, moisture, kharif",18-08-2025_Minutes of the meeting of CWWG as on 18.08.2025.pdf,CWWG_00006,6
4090,14 August 2025,,Soybean,Tamil Nadu,coastal districts,,,,,No Advisory,"area coverage, corresponding period, lakh corresponding, compared lakh, period last, last year, parts, lakh, moisture, kharif",18-08-2025_Minutes of the meeting of CWWG as on 18.08.2025.pdf,CWWG_00006,6
4091,14 August 2025,,Soybean,Kerala,coastal districts,,,,,No Advisory,"area coverage, corresponding period, lakh corresponding, compared lakh, period last, last year, parts, lakh, moisture, kharif",18-08-2025_Minutes of the meeting of CWWG as on 18.08.2025.pdf,CWWG_00006,6
4092,14 August 2025,,Soybean,Uttar Pradesh,coastal districts,,,,,No Advisory,"area coverage, corresponding period, lakh corresponding, compared lakh, period last, last year, parts, lakh, moisture, kharif",18-08-2025_Minutes of the meeting of CWWG as on 18.08.2025.pdf,CWWG_00006,6
4093,14 August 2025,,Soybean,Telangana,coastal districts,,,,,No Advisory,"area coverage, corresponding period, lakh corresponding, compared lakh, period last, last year, parts, lakh, moisture, kharif",18-08-2025_Minutes of the meeting of CWWG as on 18.08.2025.pdf,CWWG_00006,6
4094,14 August 2025,,Soybean,Punjab,coastal districts,,,,,No Advisory,"area coverage, corresponding period, lakh corresponding, compared lakh, period last, last year, parts, lakh, moisture, kharif",18-08-2025_Minutes of the meeting of CWWG as on 18.08.2025.pdf,CWWG_00006,6
4095,14 August 2025,,Soybean,Bihar,coastal districts,,,,,No Advisory,"area coverage, corresponding period, lakh corresponding, compared lakh, period last, last year, parts, lakh, moisture, kharif",18-08-2025_Minutes of the meeting of CWWG as on 18.08.2025.pdf,CWWG_00006,6
4096,14 August 2025,,Soybean,Chhattisgarh,coastal districts,,,,,No Advisory,"area coverage, corresponding period, lakh corresponding, compared lakh, period last, last year, parts, lakh, moisture, kharif",18-08-2025_Minutes of the meeting of CWWG as on 18.08.2025.pdf,CWWG_00006,6
4097,14 August 2025,,Soybean,Haryana,coastal districts,,,,,No Advisory,"area coverage, corresponding period, lakh corresponding, compared lakh, period last, last year, parts, lakh, moisture, kharif",18-08-2025_Minutes of the meeting of CWWG as on 18.08.2025.pdf,CWWG_00006,6
4098,14 August 2025,,Soybean,Assam,coastal districts,,,,,No Advisory,"area coverage, corresponding period, lakh corresponding, compared lakh, period last, last year, parts, lakh, moisture, kharif",18-08-2025_Minutes of the meeting of CWWG as on 18.08.2025.pdf,CWWG_00006,6
4099,14 August 2025,,Soybean,West Bengal,coastal districts,,,,,No Advisory,"area coverage, corresponding period, lakh corresponding, compared lakh, period last, last year, parts, lakh, moisture, kharif",18-08-2025_Minutes of the meeting of CWWG as on 18.08.2025.pdf,CWWG_00006,6
4100,14 August 2025,,Soybean,Odisha,coastal districts,,,,,No Advisory,"area coverage, corresponding period, lakh corresponding, compared lakh, period last, last year, parts, lakh, moisture, kharif",18-08-2025_Minutes of the meeting of CWWG as on 18.08.2025.pdf,CWWG_00006,6
4101,14 August 2025,,Soybean,Jharkhand,coastal districts,,,,,No Advisory,"area coverage, corresponding period, lakh corresponding, compared lakh, period last, last year, parts, lakh, moisture, kharif",18-08-2025_Minutes of the meeting of CWWG as on 18.08.2025.pdf,CWWG_00006,6
4102,14 August 2025,,Moong,Rajasthan,coastal districts,,,,,No Advisory,"area coverage, corresponding period, lakh corresponding, compared lakh, period last, last year, parts, lakh, moisture, kharif",18-08-2025_Minutes of the meeting of CWWG as on 18.08.2025.pdf,CWWG_00006,6
4103,14 August 2025,,Moong,Karnataka,coastal districts,,,,,No Advisory,"area coverage, corresponding period, lakh corresponding, compared lakh, period last, last year, parts, lakh, moisture, kharif",18-08-2025_Minutes of the meeting of CWWG as on 18.08.2025.pdf,CWWG_00006,6
4104,14 August 2025,,Moong,Maharashtra,coastal districts,,,,,No Advisory,"area coverage, corresponding period, lakh corresponding, compared lakh, period last, last year, parts, lakh, moisture, kharif",18-08-2025_Minutes of the meeting of CWWG as on 18.08.2025.pdf,CWWG_00006,6
4105,14 August 2025,,Moong,Gujarat,coastal districts,,,,,No Advisory,"area coverage, corresponding period, lakh corresponding, compared lakh, period last, last year, parts, lakh, moisture, kharif",18-08-2025_Minutes of the meeting of CWWG as on 18.08.2025.pdf,CWWG_00006,6
4106,14 August 2025,,Moong,Tamil Nadu,coastal districts,,,,,No Advisory,"area coverage, corresponding period, lakh corresponding, compared lakh, period last, last year, parts, lakh, moisture, kharif",18-08-2025_Minutes of the meeting of CWWG as on 18.08.2025.pdf,CWWG_00006,6
4107,14 August 2025,,Moong,Kerala,coastal districts,,,,,No Advisory,"area coverage, corresponding period, lakh corresponding, compared lakh, period last, last year, parts, lakh, moisture, kharif",18-08-2025_Minutes of the meeting of CWWG as on 18.08.2025.pdf,CWWG_00006,6
4108,14 August 2025,,Moong,Uttar Pradesh,coastal districts,,,,,No Advisory,"area coverage, corresponding period, lakh corresponding, compared lakh, period last, last year, parts, lakh, moisture, kharif",18-08-2025_Minutes of the meeting of CWWG as on 18.08.2025.pdf,CWWG_00006,6
4109,14 August 2025,,Moong,Telangana,coastal districts,,,,,No Advisory,"area coverage, corresponding period, lakh corresponding, compared lakh, period last, last year, parts, lakh, moisture, kharif",18-08-2025_Minutes of the meeting of CWWG as on 18.08.2025.pdf,CWWG_00006,6
4110,14 August 2025,,Moong,Punjab,coastal districts,,,,,No Advisory,"area coverage, corresponding period, lakh corresponding, compared lakh, period last, last year, parts, lakh, moisture, kharif",18-08-2025_Minutes of the meeting of CWWG as on 18.08.2025.pdf,CWWG_00006,6
4111,14 August 2025,,Moong,Bihar,coastal districts,,,,,No Advisory,"area coverage, corresponding period, lakh corresponding, compared lakh, period last, last year, parts, lakh, moisture, kharif",18-08-2025_Minutes of the meeting of CWWG as on 18.08.2025.pdf,CWWG_00006,6
4112,14 August 2025,,Moong,Chhattisgarh,coastal districts,,,,,No Advisory,"area coverage, corresponding period, lakh corresponding, compared lakh, period last, last year, parts, lakh, moisture, kharif",18-08-2025_Minutes of the meeting of CWWG as on 18.08.2025.pdf,CWWG_00006,6
4113,14 August 2025,,Moong,Haryana,coastal districts,,,,,No Advisory,"area coverage, corresponding period, lakh corresponding, compared lakh, period last, last year, parts, lakh, moisture, kharif",18-08-2025_Minutes of the meeting of CWWG as on 18.08.2025.pdf,CWWG_00006,6
4114,14 August 2025,,Moong,Assam,coastal districts,,,,,No Advisory,"area coverage, corresponding period, lakh corresponding, compared lakh, period last, last year, parts, lakh, moisture, kharif",18-08-2025_Minutes of the meeting of CWWG as on 18.08.2025.pdf,CWWG_00006,6
4115,14 August 2025,,Moong,West Bengal,coastal districts,,,,,No Advisory,"area coverage, corresponding period, lakh corresponding, compared lakh, period last, last year, parts, lakh, moisture, kharif",18-08-2025_Minutes of the meeting of CWWG as on 18.08.2025.pdf,CWWG_00006,6
4116,14 August 2025,,Moong,Odisha,coastal districts,,,,,No Advisory,"area coverage, corresponding period, lakh corresponding, compared lakh, period last, last year, parts, lakh, moisture, kharif",18-08-2025_Minutes of the meeting of CWWG as on 18.08.2025.pdf,CWWG_00006,6
4117,14 August 2025,,Moong,Jharkhand,coastal districts,,,,,No Advisory,"area coverage, corresponding period, lakh corresponding, compared lakh, period last, last year, parts, lakh, moisture, kharif",18-08-2025_Minutes of the meeting of CWWG as on 18.08.2025.pdf,CWWG_00006,6
4118,14 August 2025,,Rice,Rajasthan,coastal districts,,,,,No Advisory,"area coverage, corresponding period, lakh corresponding, compared lakh, period last, last year, parts, lakh, moisture, kharif",18-08-2025_Minutes of the meeting of CWWG as on 18.08.2025.pdf,CWWG_00006,6
4119,14 August 2025,,Rice,Karnataka,coastal districts,,,,,No Advisory,"area coverage, corresponding period, lakh corresponding, compared lakh, period last, last year, parts, lakh, moisture, kharif",18-08-2025_Minutes of the meeting of CWWG as on 18.08.2025.pdf,CWWG_00006,6
4120,14 August 2025,,Rice,Maharashtra,coastal districts,,,,,No Advisory,"area coverage, corresponding period, lakh corresponding, compared lakh, period last, last year, parts, lakh, moisture, kharif",18-08-2025_Minutes of the meeting of CWWG as on 18.08.2025.pdf,CWWG_00006,6
4121,14 August 2025,,Rice,Gujarat,coastal districts,,,,,No Advisory,"area coverage, corresponding period, lakh corresponding, compared lakh, period last, last year, parts, lakh, moisture, kharif",18-08-2025_Minutes of the meeting of CWWG as on 18.08.2025.pdf,CWWG_00006,6
4122,14 August 2025,,Rice,Tamil Nadu,coastal districts,,,,,No Advisory,"area coverage, corresponding period, lakh corresponding, compared lakh, period last, last year, parts, lakh, moisture, kharif",18-08-2025_Minutes of the meeting of CWWG as on 18.08.2025.pdf,CWWG_00006,6
4123,14 August 2025,,Rice,Kerala,coastal districts,,,,,No Advisory,"area coverage, corresponding period, lakh corresponding, compared lakh, period last, last year, parts, lakh, moisture, kharif",18-08-2025_Minutes of the meeting of CWWG as on 18.08.2025.pdf,CWWG_00006,6
4124,14 August 2025,,Rice,Uttar Pradesh,coastal districts,,,,,No Advisory,"area coverage, corresponding period, lakh corresponding, compared lakh, period last, last year, parts, lakh, moisture, kharif",18-08-2025_Minutes of the meeting of CWWG as on 18.08.2025.pdf,CWWG_00006,6
4125,14 August 2025,,Rice,Telangana,coastal districts,,,,,No Advisory,"area coverage, corresponding period, lakh corresponding, compared lakh, period last, last year, parts, lakh, moisture, kharif",18-08-2025_Minutes of the meeting of CWWG as on 18.08.2025.pdf,CWWG_00006,6
4126,14 August 2025,,Rice,Punjab,coastal districts,,,,,No Advisory,"area coverage, corresponding period, lakh corresponding, compared lakh, period last, last year, parts, lakh, moisture, kharif",18-08-2025_Minutes of the meeting of CWWG as on 18.08.2025.pdf,CWWG_00006,6
4127,14 August 2025,,Rice,Bihar,coastal districts,,,,,No Advisory,"area coverage, corresponding period, lakh corresponding, compared lakh, period last, last year, parts, lakh, moisture, kharif",18-08-2025_Minutes of the meeting of CWWG as on 18.08.2025.pdf,CWWG_00006,6
4128,14 August 2025,,Rice,Chhattisgarh,coastal districts,,,,,No Advisory,"area coverage, corresponding period, lakh corresponding, compared lakh, period last, last year, parts, lakh, moisture, kharif",18-08-2025_Minutes of the meeting of CWWG as on 18.08.2025.pdf,CWWG_00006,6
4129,14 August 2025,,Rice,Haryana,coastal districts,,,,,No Advisory,"area coverage, corresponding period, lakh corresponding, compared lakh, period last, last year, parts, lakh, moisture, kharif",18-08-2025_Minutes of the meeting of CWWG as on 18.08.2025.pdf,CWWG_00006,6
4130,14 August 2025,,Rice,Assam,coastal districts,,,,,No Advisory,"area coverage, corresponding period, lakh corresponding, compared lakh, period last, last year, parts, lakh, moisture, kharif",18-08-2025_Minutes of the meeting of CWWG as on 18.08.2025.pdf,CWWG_00006,6
4131,14 August 2025,,Rice,West Bengal,coastal districts,,,,,No Advisory,"area coverage, corresponding period, lakh corresponding, compared lakh, period last, last year, parts, lakh, moisture, kharif",18-08-2025_Minutes of the meeting of CWWG as on 18.08.2025.pdf,CWWG_00006,6
4132,14 August 2025,,Rice,Odisha,coastal districts,,,,,No Advisory,"area coverage, corresponding period, lakh corresponding, compared lakh, period last, last year, parts, lakh, moisture, kharif",18-08-2025_Minutes of the meeting of CWWG as on 18.08.2025.pdf,CWWG_00006,6
4133,14 August 2025,,Rice,Jharkhand,coastal districts,,,,,No Advisory,"area coverage, corresponding period, lakh corresponding, compared lakh, period last, last year, parts, lakh, moisture, kharif",18-08-2025_Minutes of the meeting of CWWG as on 18.08.2025.pdf,CWWG_00006,6
4145,25.07.2025,,Rice,,Sub District,,,,,recommended insecticides as per label claim.,"disease, crop, pest, rice, area, surveyed area, farmers have, have advised, crop state, surveyed",18-08-2025_Minutes of the meeting of CWWG as on 18.08.2025.pdf,CWWG_00010,9
4159,19.05.2025,Rabi,Apple,Himachal Pradesh,,,,,,"monitoring wells show water levels between 0-5 m, while 29.","pests diseases, lakh quintals, groundwater, fertilizers, fertilizer, water, seeds, crops, rabi, seed",19-05-2025_Minutes of the meeting of CWWG as on 19.05.2025.pdf,CWWG_00001,1
4160,19.05.2025,Rabi,Soybean,Himachal Pradesh,,,,,,"monitoring wells show water levels between 0-5 m, while 29.","pests diseases, lakh quintals, groundwater, fertilizers, fertilizer, water, seeds, crops, rabi, seed",19-05-2025_Minutes of the meeting of CWWG as on 19.05.2025.pdf,CWWG_00001,1
4161,19.05.2025,Rabi,Groundnut,Himachal Pradesh,,,,,,"monitoring wells show water levels between 0-5 m, while 29.","pests diseases, lakh quintals, groundwater, fertilizers, fertilizer, water, seeds, crops, rabi, seed",19-05-2025_Minutes of the meeting of CWWG as on 19.05.2025.pdf,CWWG_00001,1
4162,19.05.2025,Rabi,Moong,Himachal Pradesh,,,,,,"monitoring wells show water levels between 0-5 m, while 29.","pests diseases, lakh quintals, groundwater, fertilizers, fertilizer, water, seeds, crops, rabi, seed",19-05-2025_Minutes of the meeting of CWWG as on 19.05.2025.pdf,CWWG_00001,1
4163,19.05.2025,Rabi,Sunflower,Himachal Pradesh,,,,,,"monitoring wells show water levels between 0-5 m, while 29.","pests diseases, lakh quintals, groundwater, fertilizers, fertilizer, water, seeds, crops, rabi, seed",19-05-2025_Minutes of the meeting of CWWG as on 19.05.2025.pdf,CWWG_00001,1
4164,19.05.2025,Rabi,Urad,Himachal Pradesh,,,,,,"monitoring wells show water levels between 0-5 m, while 29.","pests diseases, lakh quintals, groundwater, fertilizers, fertilizer, water, seeds, crops, rabi, seed",19-05-2025_Minutes of the meeting of CWWG as on 19.05.2025.pdf,CWWG_00001,1
4165,19.05.2025,Rabi,Rice,Himachal Pradesh,,,,,,"monitoring wells show water levels between 0-5 m, while 29.","pests diseases, lakh quintals, groundwater, fertilizers, fertilizer, water, seeds, crops, rabi, seed",19-05-2025_Minutes of the meeting of CWWG as on 19.05.2025.pdf,CWWG_00001,1
4180,13.04.2025,,Gram,Himachal Pradesh,,,,,,monitoring is being carried out by all field functionaries as follow up action.,"commodities variation, variation over, over last, last week, disease, mustard, potato, tomato, wheat, onion",19-05-2025_Minutes of the meeting of CWWG as on 19.05.2025.pdf,CWWG_00010,11
4181,13.04.2025,,Apple,Himachal Pradesh,,,,,,monitoring is being carried out by all field functionaries as follow up action.,"commodities variation, variation over, over last, last week, disease, mustard, potato, tomato, wheat, onion",19-05-2025_Minutes of the meeting of CWWG as on 19.05.2025.pdf,CWWG_00010,11
4182,13.04.2025,,Rice,Himachal Pradesh,,,,,,monitoring is being carried out by all field functionaries as follow up action.,"commodities variation, variation over, over last, last week, disease, mustard, potato, tomato, wheat, onion",19-05-2025_Minutes of the meeting of CWWG as on 19.05.2025.pdf,CWWG_00010,11
4183,13.04.2025,,Sunflower,Himachal Pradesh,,,,,,monitoring is being carried out by all field functionaries as follow up action.,"commodities variation, variation over, over last, last week, disease, mustard, potato, tomato, wheat, onion",19-05-2025_Minutes of the meeting of CWWG as on 19.05.2025.pdf,CWWG_00010,11
4184,13.04.2025,,Mustard,Himachal Pradesh,,,,,,monitoring is being carried out by all field functionaries as follow up action.,"commodities variation, variation over, over last, last week, disease, mustard, potato, tomato, wheat, onion",19-05-2025_Minutes of the meeting of CWWG as on 19.05.2025.pdf,CWWG_00010,11
4185,13.04.2025,,Potato,Himachal Pradesh,,,,,,monitoring is being carried out by all field functionaries as follow up action.,"commodities variation, variation over, over last, last week, disease, mustard, potato, tomato, wheat, onion",19-05-2025_Minutes of the meeting of CWWG as on 19.05.2025.pdf,CWWG_00010,11
4287,"January 17, 2025",Rabi,Onion,,,Western Disturbance,,,,No Advisory,"lakh, rabi, lakh lakh, crops, horticulture, area lakh, cyclonic, weather, potato, tomato",20-01-2025_Minutes of the meeting of CWWG as on 20.01.2025.pdf,CWWG_00001,1
4288,"January 17, 2025",Rabi,Tomato,,,Western Disturbance,,,,No Advisory,"lakh, rabi, lakh lakh, crops, horticulture, area lakh, cyclonic, weather, potato, tomato",20-01-2025_Minutes of the meeting of CWWG as on 20.01.2025.pdf,CWWG_00001,1
4289,"January 17, 2025",Rabi,Potato,,,Western Disturbance,,,,No Advisory,"lakh, rabi, lakh lakh, crops, horticulture, area lakh, cyclonic, weather, potato, tomato",20-01-2025_Minutes of the meeting of CWWG as on 20.01.2025.pdf,CWWG_00001,1
4290,22nd & 23rd January,,Coconut,Tamil Nadu,,,,Cumulative seasonal rainfall,,monitoring is being carried out.,"rainfall, fertilizers, jan, pests diseases, forecast, weather, jan jan, economic threshold, isolated scattered, scattered rainfall",20-01-2025_Minutes of the meeting of CWWG as on 20.01.2025.pdf,CWWG_00004,1
4291,22nd & 23rd January,,Coconut,Punjab,,,,Cumulative seasonal rainfall,,monitoring is being carried out.,"rainfall, fertilizers, jan, pests diseases, forecast, weather, jan jan, economic threshold, isolated scattered, scattered rainfall",20-01-2025_Minutes of the meeting of CWWG as on 20.01.2025.pdf,CWWG_00004,1
4292,22nd & 23rd January,,Coconut,Haryana,,,,Cumulative seasonal rainfall,,monitoring is being carried out.,"rainfall, fertilizers, jan, pests diseases, forecast, weather, jan jan, economic threshold, isolated scattered, scattered rainfall",20-01-2025_Minutes of the meeting of CWWG as on 20.01.2025.pdf,CWWG_00004,1
4323,06.01.2025,,Onion,Tamil Nadu,Thirupathur district,,,,,advised to take up control measures in synchronised manner.,"pest, horticulture, disease, cipmc trichy, onion, crop, rabi, thirupathur district, headed caterpillar, disease intensity",20-01-2025_Minutes of the meeting of CWWG as on 20.01.2025.pdf,CWWG_00012,7
4324,06.01.2025,,Coconut,Tamil Nadu,Thirupathur district,,,,,advised to take up control measures in synchronised manner.,"pest, horticulture, disease, cipmc trichy, onion, crop, rabi, thirupathur district, headed caterpillar, disease intensity",20-01-2025_Minutes of the meeting of CWWG as on 20.01.2025.pdf,CWWG_00012,7
4339,17th April 2025,Rabi,Soybean,Uttar Pradesh,,,,,,monitored by CWC) is 66.,"storage, water, corresponding period, pests diseases, lakh quintals, groundwater, fertilizers, fertilizer, reservoir, mustard",21-04-2025_Minutes of the meeting of CWWG as on 21.04.2025.pdf,CWWG_00001,1
4340,17th April 2025,Rabi,Sunflower,Uttar Pradesh,,,,,,monitored by CWC) is 66.,"storage, water, corresponding period, pests diseases, lakh quintals, groundwater, fertilizers, fertilizer, reservoir, mustard",21-04-2025_Minutes of the meeting of CWWG as on 21.04.2025.pdf,CWWG_00001,1
4341,17th April 2025,Rabi,Mustard,Uttar Pradesh,,,,,,monitored by CWC) is 66.,"storage, water, corresponding period, pests diseases, lakh quintals, groundwater, fertilizers, fertilizer, reservoir, mustard",21-04-2025_Minutes of the meeting of CWWG as on 21.04.2025.pdf,CWWG_00001,1
4342,17th April 2025,Rabi,Groundnut,Uttar Pradesh,,,,,,monitored by CWC) is 66.,"storage, water, corresponding period, pests diseases, lakh quintals, groundwater, fertilizers, fertilizer, reservoir, mustard",21-04-2025_Minutes of the meeting of CWWG as on 21.04.2025.pdf,CWWG_00001,1
4403,20.04.2025,Kharif,Wheat,Karnataka,,,,,,No Advisory,"procurement, wheat, rice, crop, harvesting, crops, rabi, wheat procurement, kharif, progressive",21-04-2025_Minutes of the meeting of CWWG as on 21.04.2025.pdf,CWWG_00012,12
4404,20.04.2025,Kharif,Wheat,Madhya Pradesh,,,,,,No Advisory,"procurement, wheat, rice, crop, harvesting, crops, rabi, wheat procurement, kharif, progressive",21-04-2025_Minutes of the meeting of CWWG as on 21.04.2025.pdf,CWWG_00012,12
4405,20.04.2025,Kharif,Wheat,Uttar Pradesh,,,,,,No Advisory,"procurement, wheat, rice, crop, harvesting, crops, rabi, wheat procurement, kharif, progressive",21-04-2025_Minutes of the meeting of CWWG as on 21.04.2025.pdf,CWWG_00012,12
4406,20.04.2025,Kharif,Wheat,Haryana,,,,,,No Advisory,"procurement, wheat, rice, crop, harvesting, crops, rabi, wheat procurement, kharif, progressive",21-04-2025_Minutes of the meeting of CWWG as on 21.04.2025.pdf,CWWG_00012,12
4407,20.04.2025,Kharif,Wheat,Gujarat,,,,,,No Advisory,"procurement, wheat, rice, crop, harvesting, crops, rabi, wheat procurement, kharif, progressive",21-04-2025_Minutes of the meeting of CWWG as on 21.04.2025.pdf,CWWG_00012,12
4408,20.04.2025,Kharif,Wheat,Punjab,,,,,,No Advisory,"procurement, wheat, rice, crop, harvesting, crops, rabi, wheat procurement, kharif, progressive",21-04-2025_Minutes of the meeting of CWWG as on 21.04.2025.pdf,CWWG_00012,12
4409,20.04.2025,Kharif,Wheat,Chhattisgarh,,,,,,No Advisory,"procurement, wheat, rice, crop, harvesting, crops, rabi, wheat procurement, kharif, progressive",21-04-2025_Minutes of the meeting of CWWG as on 21.04.2025.pdf,CWWG_00012,12
4410,20.04.2025,Kharif,Wheat,Maharashtra,,,,,,No Advisory,"procurement, wheat, rice, crop, harvesting, crops, rabi, wheat procurement, kharif, progressive",21-04-2025_Minutes of the meeting of CWWG as on 21.04.2025.pdf,CWWG_00012,12
4411,20.04.2025,Kharif,Wheat,Rajasthan,,,,,,No Advisory,"procurement, wheat, rice, crop, harvesting, crops, rabi, wheat procurement, kharif, progressive",21-04-2025_Minutes of the meeting of CWWG as on 21.04.2025.pdf,CWWG_00012,12
4412,20.04.2025,Kharif,Wheat,Bihar,,,,,,No Advisory,"procurement, wheat, rice, crop, harvesting, crops, rabi, wheat procurement, kharif, progressive",21-04-2025_Minutes of the meeting of CWWG as on 21.04.2025.pdf,CWWG_00012,12
4413,20.04.2025,Kharif,Wheat,Kerala,,,,,,No Advisory,"procurement, wheat, rice, crop, harvesting, crops, rabi, wheat procurement, kharif, progressive",21-04-2025_Minutes of the meeting of CWWG as on 21.04.2025.pdf,CWWG_00012,12
4414,20.04.2025,Kharif,Rice,Karnataka,,,,,,No Advisory,"procurement, wheat, rice, crop, harvesting, crops, rabi, wheat procurement, kharif, progressive",21-04-2025_Minutes of the meeting of CWWG as on 21.04.2025.pdf,CWWG_00012,12
4415,20.04.2025,Kharif,Rice,Madhya Pradesh,,,,,,No Advisory,"procurement, wheat, rice, crop, harvesting, crops, rabi, wheat procurement, kharif, progressive",21-04-2025_Minutes of the meeting of CWWG as on 21.04.2025.pdf,CWWG_00012,12
4416,20.04.2025,Kharif,Rice,Uttar Pradesh,,,,,,No Advisory,"procurement, wheat, rice, crop, harvesting, crops, rabi, wheat procurement, kharif, progressive",21-04-2025_Minutes of the meeting of CWWG as on 21.04.2025.pdf,CWWG_00012,12
4417,20.04.2025,Kharif,Rice,Haryana,,,,,,No Advisory,"procurement, wheat, rice, crop, harvesting, crops, rabi, wheat procurement, kharif, progressive",21-04-2025_Minutes of the meeting of CWWG as on 21.04.2025.pdf,CWWG_00012,12
4418,20.04.2025,Kharif,Rice,Gujarat,,,,,,No Advisory,"procurement, wheat, rice, crop, harvesting, crops, rabi, wheat procurement, kharif, progressive",21-04-2025_Minutes of the meeting of CWWG as on 21.04.2025.pdf,CWWG_00012,12
4419,20.04.2025,Kharif,Rice,Punjab,,,,,,No Advisory,"procurement, wheat, rice, crop, harvesting, crops, rabi, wheat procurement, kharif, progressive",21-04-2025_Minutes of the meeting of CWWG as on 21.04.2025.pdf,CWWG_00012,12
4420,20.04.2025,Kharif,Rice,Chhattisgarh,,,,,,No Advisory,"procurement, wheat, rice, crop, harvesting, crops, rabi, wheat procurement, kharif, progressive",21-04-2025_Minutes of the meeting of CWWG as on 21.04.2025.pdf,CWWG_00012,12
4421,20.04.2025,Kharif,Rice,Maharashtra,,,,,,No Advisory,"procurement, wheat, rice, crop, harvesting, crops, rabi, wheat procurement, kharif, progressive",21-04-2025_Minutes of the meeting of CWWG as on 21.04.2025.pdf,CWWG_00012,12
4422,20.04.2025,Kharif,Rice,Rajasthan,,,,,,No Advisory,"procurement, wheat, rice, crop, harvesting, crops, rabi, wheat procurement, kharif, progressive",21-04-2025_Minutes of the meeting of CWWG as on 21.04.2025.pdf,CWWG_00012,12
4423,20.04.2025,Kharif,Rice,Bihar,,,,,,No Advisory,"procurement, wheat, rice, crop, harvesting, crops, rabi, wheat procurement, kharif, progressive",21-04-2025_Minutes of the meeting of CWWG as on 21.04.2025.pdf,CWWG_00012,12
4424,20.04.2025,Kharif,Rice,Kerala,,,,,,No Advisory,"procurement, wheat, rice, crop, harvesting, crops, rabi, wheat procurement, kharif, progressive",21-04-2025_Minutes of the meeting of CWWG as on 21.04.2025.pdf,CWWG_00012,12
4528,,,Linseed,Punjab,,,,,,No Advisory,"harvesting, completed almost, harvesting has, has completed, almost states, states expect, tamil nadu, completed, pradesh, almost",21-04-2025_Minutes of the meeting of CWWG as on 21.04.2025.pdf,CWWG_00014,12
4562,21.07.2025,,Maize,Maharashtra,,,,Pre-monsoon,,monitoring wells show depth to water level in the range of 0 to 5 m below ground level and 37.,"water, level, water level, monsoon, groundwater, analysed wells, pests diseases, lakh quintals, below ground, ground level",21-07-2025_Minutes of the meeting of CWWG as on 21.07.2025.pdf,CWWG_00001,1
4563,21.07.2025,,Soybean,Maharashtra,,,,Pre-monsoon,,monitoring wells show depth to water level in the range of 0 to 5 m below ground level and 37.,"water, level, water level, monsoon, groundwater, analysed wells, pests diseases, lakh quintals, below ground, ground level",21-07-2025_Minutes of the meeting of CWWG as on 21.07.2025.pdf,CWWG_00001,1
4564,21.07.2025,,Groundnut,Maharashtra,,,,Pre-monsoon,,monitoring wells show depth to water level in the range of 0 to 5 m below ground level and 37.,"water, level, water level, monsoon, groundwater, analysed wells, pests diseases, lakh quintals, below ground, ground level",21-07-2025_Minutes of the meeting of CWWG as on 21.07.2025.pdf,CWWG_00001,1
4565,21.07.2025,,Sunflower,Maharashtra,,,,Pre-monsoon,,monitoring wells show depth to water level in the range of 0 to 5 m below ground level and 37.,"water, level, water level, monsoon, groundwater, analysed wells, pests diseases, lakh quintals, below ground, ground level",21-07-2025_Minutes of the meeting of CWWG as on 21.07.2025.pdf,CWWG_00001,1
4566,21.07.2025,,Rice,Maharashtra,,,,Pre-monsoon,,monitoring wells show depth to water level in the range of 0 to 5 m below ground level and 37.,"water, level, water level, monsoon, groundwater, analysed wells, pests diseases, lakh quintals, below ground, ground level",21-07-2025_Minutes of the meeting of CWWG as on 21.07.2025.pdf,CWWG_00001,1
4567,21.07.2025,,Moong,Maharashtra,,,,Pre-monsoon,,monitoring wells show depth to water level in the range of 0 to 5 m below ground level and 37.,"water, level, water level, monsoon, groundwater, analysed wells, pests diseases, lakh quintals, below ground, ground level",21-07-2025_Minutes of the meeting of CWWG as on 21.07.2025.pdf,CWWG_00001,1
4568,21.07.2025,,Urad,Maharashtra,,,,Pre-monsoon,,monitoring wells show depth to water level in the range of 0 to 5 m below ground level and 37.,"water, level, water level, monsoon, groundwater, analysed wells, pests diseases, lakh quintals, below ground, ground level",21-07-2025_Minutes of the meeting of CWWG as on 21.07.2025.pdf,CWWG_00001,1
4632,16.07.2025,,Maize,Maharashtra,Nasik district,,,,,monitoring is being carried out by all field functionaries as follow up action.,"disease, pest, maize, crop, joint survey, white grub, state, district, nasik, cipmc",21-07-2025_Minutes of the meeting of CWWG as on 21.07.2025.pdf,CWWG_00007,8
4633,16.07.2025,,Soybean,Maharashtra,Nasik district,,,,,monitoring is being carried out by all field functionaries as follow up action.,"disease, pest, maize, crop, joint survey, white grub, state, district, nasik, cipmc",21-07-2025_Minutes of the meeting of CWWG as on 21.07.2025.pdf,CWWG_00007,8
4634,16.07.2025,,Groundnut,Maharashtra,Nasik district,,,,,monitoring is being carried out by all field functionaries as follow up action.,"disease, pest, maize, crop, joint survey, white grub, state, district, nasik, cipmc",21-07-2025_Minutes of the meeting of CWWG as on 21.07.2025.pdf,CWWG_00007,8
4731,18.09.2025,,Rice,Assam,Sub District,,,,,sprayers to farmers at a subsidized rate as an immediate measure.,"commodities variation, variation over, over last, last week, disease, mustard, potato, tomato, wheat, onion",22-09-2025_Minutes of the meeting of CWWG as on 22.09.2025.pdf,CWWG_00010,9
5002,24.02.2025,Rabi,Wheat,Rajasthan,,,,,,"monitoring wells show water levels between 0- 5 m, while 29.","lakh quintals, groundwater, fertilizers, fertilizer, disease, water, seeds, wheat, crops, rabi",24-02-2025_Minutes of the meeting of CWWG as on 24.02.2025.pdf,CWWG_00001,1
5013,21.02.2025,,Wheat,Rajasthan,Dausa district,,,,,monitoring is being carried out by all field functionaries as follow up action in the state.,"wheat, disease, pest, rice, crop, rabi, lmt, procuring states, marketing season, states quantity",24-02-2025_Minutes of the meeting of CWWG as on 24.02.2025.pdf,CWWG_00009,11
5014,21.02.2025,,Rice,Rajasthan,Dausa district,,,,,monitoring is being carried out by all field functionaries as follow up action in the state.,"wheat, disease, pest, rice, crop, rabi, lmt, procuring states, marketing season, states quantity",24-02-2025_Minutes of the meeting of CWWG as on 24.02.2025.pdf,CWWG_00009,11
5027,24.03.2025,Rabi,Moong,,,,,,,"monitoring wells show water levels between 0- 5 m, while 29.","lakh quintals, groundwater, fertilizers, fertilizer, disease, mustard, water, seeds, crops, rabi",24-03-2025_Minutes of the meeting of CWWG as on 24.03.2025.pdf,CWWG_00001,1
5028,24.03.2025,Rabi,Sunflower,,,,,,,"monitoring wells show water levels between 0- 5 m, while 29.","lakh quintals, groundwater, fertilizers, fertilizer, disease, mustard, water, seeds, crops, rabi",24-03-2025_Minutes of the meeting of CWWG as on 24.03.2025.pdf,CWWG_00001,1
5029,24.03.2025,Rabi,Soybean,,,,,,,"monitoring wells show water levels between 0- 5 m, while 29.","lakh quintals, groundwater, fertilizers, fertilizer, disease, mustard, water, seeds, crops, rabi",24-03-2025_Minutes of the meeting of CWWG as on 24.03.2025.pdf,CWWG_00001,1
5030,24.03.2025,Rabi,Urad,,,,,,,"monitoring wells show water levels between 0- 5 m, while 29.","lakh quintals, groundwater, fertilizers, fertilizer, disease, mustard, water, seeds, crops, rabi",24-03-2025_Minutes of the meeting of CWWG as on 24.03.2025.pdf,CWWG_00001,1
5031,24.03.2025,Rabi,Mustard,,,,,,,"monitoring wells show water levels between 0- 5 m, while 29.","lakh quintals, groundwater, fertilizers, fertilizer, disease, mustard, water, seeds, crops, rabi",24-03-2025_Minutes of the meeting of CWWG as on 24.03.2025.pdf,CWWG_00001,1
5032,24.03.2025,Rabi,Gram,,,,,,,"monitoring wells show water levels between 0- 5 m, while 29.","lakh quintals, groundwater, fertilizers, fertilizer, disease, mustard, water, seeds, crops, rabi",24-03-2025_Minutes of the meeting of CWWG as on 24.03.2025.pdf,CWWG_00001,1
5033,24.03.2025,Rabi,Groundnut,,,,,,,"monitoring wells show water levels between 0- 5 m, while 29.","lakh quintals, groundwater, fertilizers, fertilizer, disease, mustard, water, seeds, crops, rabi",24-03-2025_Minutes of the meeting of CWWG as on 24.03.2025.pdf,CWWG_00001,1
5241,11.11.2025,,Chilli,Uttar Pradesh,,,,,,No Advisory,"commodities variation, variation over, over last, last week, disease, mustard, potato, tomato, jowar, bajra",24-11-2025_Minutes of the meeting of CWWG as on 24.11.2025.pdf,CWWG_00009,9
5435,22.08-2025,Kharif,Rice,Chhattisgarh,,,,,,monitoring is being carried out.,"rice, pests diseases, lakh quintals, fertilizers, fertilizer, kharif, cotton, seeds, maize, crops",25-08-2025_Minutes of the meeting of CWWG as on 25.08.2025.pdf,CWWG_00003,1
5436,22.08-2025,Kharif,Rice,Meghalaya,,,,,,monitoring is being carried out.,"rice, pests diseases, lakh quintals, fertilizers, fertilizer, kharif, cotton, seeds, maize, crops",25-08-2025_Minutes of the meeting of CWWG as on 25.08.2025.pdf,CWWG_00003,1
5437,22.08-2025,Kharif,Cotton,Haryana,,,,,,monitoring is being carried out.,"rice, pests diseases, lakh quintals, fertilizers, fertilizer, kharif, cotton, seeds, maize, crops",25-08-2025_Minutes of the meeting of CWWG as on 25.08.2025.pdf,CWWG_00003,1
5438,22.08-2025,Kharif,Cotton,Karnataka,,,,,,monitoring is being carried out.,"rice, pests diseases, lakh quintals, fertilizers, fertilizer, kharif, cotton, seeds, maize, crops",25-08-2025_Minutes of the meeting of CWWG as on 25.08.2025.pdf,CWWG_00003,1
5439,22.08-2025,Kharif,Cotton,Rajasthan,,,,,,monitoring is being carried out.,"rice, pests diseases, lakh quintals, fertilizers, fertilizer, kharif, cotton, seeds, maize, crops",25-08-2025_Minutes of the meeting of CWWG as on 25.08.2025.pdf,CWWG_00003,1
5440,22.08-2025,Kharif,Cotton,Assam,,,,,,monitoring is being carried out.,"rice, pests diseases, lakh quintals, fertilizers, fertilizer, kharif, cotton, seeds, maize, crops",25-08-2025_Minutes of the meeting of CWWG as on 25.08.2025.pdf,CWWG_00003,1
5441,22.08-2025,Kharif,Cotton,Chhattisgarh,,,,,,monitoring is being carried out.,"rice, pests diseases, lakh quintals, fertilizers, fertilizer, kharif, cotton, seeds, maize, crops",25-08-2025_Minutes of the meeting of CWWG as on 25.08.2025.pdf,CWWG_00003,1
5442,22.08-2025,Kharif,Cotton,Meghalaya,,,,,,monitoring is being carried out.,"rice, pests diseases, lakh quintals, fertilizers, fertilizer, kharif, cotton, seeds, maize, crops",25-08-2025_Minutes of the meeting of CWWG as on 25.08.2025.pdf,CWWG_00003,1
5445,22.08-2025,Kharif,Maize,Rajasthan,,,,,,monitoring is being carried out.,"rice, pests diseases, lakh quintals, fertilizers, fertilizer, kharif, cotton, seeds, maize, crops",25-08-2025_Minutes of the meeting of CWWG as on 25.08.2025.pdf,CWWG_00003,1
5447,22.08-2025,Kharif,Maize,Chhattisgarh,,,,,,monitoring is being carried out.,"rice, pests diseases, lakh quintals, fertilizers, fertilizer, kharif, cotton, seeds, maize, crops",25-08-2025_Minutes of the meeting of CWWG as on 25.08.2025.pdf,CWWG_00003,1
5448,22.08-2025,Kharif,Maize,Meghalaya,,,,,,monitoring is being carried out.,"rice, pests diseases, lakh quintals, fertilizers, fertilizer, kharif, cotton, seeds, maize, crops",25-08-2025_Minutes of the meeting of CWWG as on 25.08.2025.pdf,CWWG_00003,1
5453,22.08-2025,Kharif,Moong,Chhattisgarh,,,,,,monitoring is being carried out.,"rice, pests diseases, lakh quintals, fertilizers, fertilizer, kharif, cotton, seeds, maize, crops",25-08-2025_Minutes of the meeting of CWWG as on 25.08.2025.pdf,CWWG_00003,1
5454,22.08-2025,Kharif,Moong,Meghalaya,,,,,,monitoring is being carried out.,"rice, pests diseases, lakh quintals, fertilizers, fertilizer, kharif, cotton, seeds, maize, crops",25-08-2025_Minutes of the meeting of CWWG as on 25.08.2025.pdf,CWWG_00003,1
5459,22.08-2025,Kharif,Soybean,Chhattisgarh,,,,,,monitoring is being carried out.,"rice, pests diseases, lakh quintals, fertilizers, fertilizer, kharif, cotton, seeds, maize, crops",25-08-2025_Minutes of the meeting of CWWG as on 25.08.2025.pdf,CWWG_00003,1
5460,22.08-2025,Kharif,Soybean,Meghalaya,,,,,,monitoring is being carried out.,"rice, pests diseases, lakh quintals, fertilizers, fertilizer, kharif, cotton, seeds, maize, crops",25-08-2025_Minutes of the meeting of CWWG as on 25.08.2025.pdf,CWWG_00003,1
5465,22.08-2025,Kharif,Groundnut,Chhattisgarh,,,,,,monitoring is being carried out.,"rice, pests diseases, lakh quintals, fertilizers, fertilizer, kharif, cotton, seeds, maize, crops",25-08-2025_Minutes of the meeting of CWWG as on 25.08.2025.pdf,CWWG_00003,1
5466,22.08-2025,Kharif,Groundnut,Meghalaya,,,,,,monitoring is being carried out.,"rice, pests diseases, lakh quintals, fertilizers, fertilizer, kharif, cotton, seeds, maize, crops",25-08-2025_Minutes of the meeting of CWWG as on 25.08.2025.pdf,CWWG_00003,1
5545,04.08.2025,,Cotton,Chhattisgarh,Churu district,,,,,monitoring is being carried out by all field functionaries as follow up action.,"pest, incidence reported, pest incidence, functionaries follow, field functionaries, regular monitoring, monitoring carried, reported advisory, advisory issued, issued through",25-08-2025_Minutes of the meeting of CWWG as on 25.08.2025.pdf,CWWG_00012,9
5547,04.08.2025,,Cotton,Karnataka,Churu district,,,,,monitoring is being carried out by all field functionaries as follow up action.,"pest, incidence reported, pest incidence, functionaries follow, field functionaries, regular monitoring, monitoring carried, reported advisory, advisory issued, issued through",25-08-2025_Minutes of the meeting of CWWG as on 25.08.2025.pdf,CWWG_00012,9
5548,04.08.2025,,Rice,Rajasthan,Churu district,,,,,monitoring is being carried out by all field functionaries as follow up action.,"pest, incidence reported, pest incidence, functionaries follow, field functionaries, regular monitoring, monitoring carried, reported advisory, advisory issued, issued through",25-08-2025_Minutes of the meeting of CWWG as on 25.08.2025.pdf,CWWG_00012,9
5549,04.08.2025,,Rice,Chhattisgarh,Churu district,,,,,monitoring is being carried out by all field functionaries as follow up action.,"pest, incidence reported, pest incidence, functionaries follow, field functionaries, regular monitoring, monitoring carried, reported advisory, advisory issued, issued through",25-08-2025_Minutes of the meeting of CWWG as on 25.08.2025.pdf,CWWG_00012,9
5550,04.08.2025,,Rice,Haryana,Churu district,,,,,monitoring is being carried out by all field functionaries as follow up action.,"pest, incidence reported, pest incidence, functionaries follow, field functionaries, regular monitoring, monitoring carried, reported advisory, advisory issued, issued through",25-08-2025_Minutes of the meeting of CWWG as on 25.08.2025.pdf,CWWG_00012,9
5551,04.08.2025,,Rice,Karnataka,Churu district,,,,,monitoring is being carried out by all field functionaries as follow up action.,"pest, incidence reported, pest incidence, functionaries follow, field functionaries, regular monitoring, monitoring carried, reported advisory, advisory issued, issued through",25-08-2025_Minutes of the meeting of CWWG as on 25.08.2025.pdf,CWWG_00012,9
5552,04.08.2025,,Maize,Rajasthan,Churu district,,,,,monitoring is being carried out by all field functionaries as follow up action.,"pest, incidence reported, pest incidence, functionaries follow, field functionaries, regular monitoring, monitoring carried, reported advisory, advisory issued, issued through",25-08-2025_Minutes of the meeting of CWWG as on 25.08.2025.pdf,CWWG_00012,9
5553,04.08.2025,,Maize,Chhattisgarh,Churu district,,,,,monitoring is being carried out by all field functionaries as follow up action.,"pest, incidence reported, pest incidence, functionaries follow, field functionaries, regular monitoring, monitoring carried, reported advisory, advisory issued, issued through",25-08-2025_Minutes of the meeting of CWWG as on 25.08.2025.pdf,CWWG_00012,9
5554,04.08.2025,,Maize,Haryana,Churu district,,,,,monitoring is being carried out by all field functionaries as follow up action.,"pest, incidence reported, pest incidence, functionaries follow, field functionaries, regular monitoring, monitoring carried, reported advisory, advisory issued, issued through",25-08-2025_Minutes of the meeting of CWWG as on 25.08.2025.pdf,CWWG_00012,9
5555,04.08.2025,,Maize,Karnataka,Churu district,,,,,monitoring is being carried out by all field functionaries as follow up action.,"pest, incidence reported, pest incidence, functionaries follow, field functionaries, regular monitoring, monitoring carried, reported advisory, advisory issued, issued through",25-08-2025_Minutes of the meeting of CWWG as on 25.08.2025.pdf,CWWG_00012,9
5557,04.08.2025,,Moong,Chhattisgarh,Churu district,,,,,monitoring is being carried out by all field functionaries as follow up action.,"pest, incidence reported, pest incidence, functionaries follow, field functionaries, regular monitoring, monitoring carried, reported advisory, advisory issued, issued through",25-08-2025_Minutes of the meeting of CWWG as on 25.08.2025.pdf,CWWG_00012,9
5559,04.08.2025,,Moong,Karnataka,Churu district,,,,,monitoring is being carried out by all field functionaries as follow up action.,"pest, incidence reported, pest incidence, functionaries follow, field functionaries, regular monitoring, monitoring carried, reported advisory, advisory issued, issued through",25-08-2025_Minutes of the meeting of CWWG as on 25.08.2025.pdf,CWWG_00012,9
5560,19.08.2025,,Rice,Meghalaya,Ri-Bhoi district,,,,,monitoring is being carried out by all field functionaries as follow up action.,"crop, pest, rice, functionaries follow, field functionaries, regular monitoring, monitoring carried, follow action, carried out, white grub",25-08-2025_Minutes of the meeting of CWWG as on 25.08.2025.pdf,CWWG_00013,9
5570,22nd May 2025,Rabi,Moong,,,,,,,monitored by CWC) is 53.,"storage, water, corresponding period, lakh quintals, groundwater, fertilizers, fertilizer, reservoir, disease, seeds",26-05-2025_Minutes of the meeting of CWWG as on 26.05.2025.pdf,CWWG_00001,1
5571,22nd May 2025,Rabi,Soybean,,,,,,,monitored by CWC) is 53.,"storage, water, corresponding period, lakh quintals, groundwater, fertilizers, fertilizer, reservoir, disease, seeds",26-05-2025_Minutes of the meeting of CWWG as on 26.05.2025.pdf,CWWG_00001,1
5572,22nd May 2025,Rabi,Groundnut,,,,,,,monitored by CWC) is 53.,"storage, water, corresponding period, lakh quintals, groundwater, fertilizers, fertilizer, reservoir, disease, seeds",26-05-2025_Minutes of the meeting of CWWG as on 26.05.2025.pdf,CWWG_00001,1
5573,22nd May 2025,Rabi,Urad,,,,,,,monitored by CWC) is 53.,"storage, water, corresponding period, lakh quintals, groundwater, fertilizers, fertilizer, reservoir, disease, seeds",26-05-2025_Minutes of the meeting of CWWG as on 26.05.2025.pdf,CWWG_00001,1
5628,23.05.2025,,Jowar,Kerala,,,,,,No Advisory,"harvesting has, has completed, completed states, harvesting, completed, has, states, crop, pulses, crops",26-05-2025_Minutes of the meeting of CWWG as on 26.05.2025.pdf,CWWG_00013,15
5744,29th January,Rabi,Wheat,Kerala,,Western Disturbances,,Northeast Monsoon rains,,No Advisory,"lakh, rabi, lakh lakh, crops, wheat, area, horticulture, area lakh, weather, monsoon",27-01-2025_Minutes of the meeting of CWWG as on 27.01.2025.pdf,CWWG_00001,1
5745,29th January,Rabi,Onion,Kerala,,Western Disturbances,,Northeast Monsoon rains,,No Advisory,"lakh, rabi, lakh lakh, crops, wheat, area, horticulture, area lakh, weather, monsoon",27-01-2025_Minutes of the meeting of CWWG as on 27.01.2025.pdf,CWWG_00001,1
5746,29th January,Rabi,Tomato,Kerala,,Western Disturbances,,Northeast Monsoon rains,,No Advisory,"lakh, rabi, lakh lakh, crops, wheat, area, horticulture, area lakh, weather, monsoon",27-01-2025_Minutes of the meeting of CWWG as on 27.01.2025.pdf,CWWG_00001,1
5747,29th January,Rabi,Potato,Kerala,,Western Disturbances,,Northeast Monsoon rains,,No Advisory,"lakh, rabi, lakh lakh, crops, wheat, area, horticulture, area lakh, weather, monsoon",27-01-2025_Minutes of the meeting of CWWG as on 27.01.2025.pdf,CWWG_00001,1
5781,06.01.2025,,Coconut,Tamil Nadu,Thirupathur district,,,,,monitoring is being carried out by all field functionaries as follow up action.,"pest, disease, area, compared total, sown compared, horticulture, total area, lakh area, area sown, sown lakh",27-01-2025_Minutes of the meeting of CWWG as on 27.01.2025.pdf,CWWG_00011,3
5799,24-10-2025,Kharif,Bajra,Chhattisgarh,,,,,,monitoring is being carried out.,"rice, pests diseases, lakh quintals, fertilizers, fertilizer, kharif, seeds, crops, wheat, maize",27-10-2025_Minutes of the meeting of CWWG as on 27.10.2025.pdf,CWWG_00002,1
5802,24-10-2025,Kharif,Wheat,Chhattisgarh,,,,,,monitoring is being carried out.,"rice, pests diseases, lakh quintals, fertilizers, fertilizer, kharif, seeds, crops, wheat, maize",27-10-2025_Minutes of the meeting of CWWG as on 27.10.2025.pdf,CWWG_00002,1
5803,24-10-2025,Kharif,Urad,Chhattisgarh,,,,,,monitoring is being carried out.,"rice, pests diseases, lakh quintals, fertilizers, fertilizer, kharif, seeds, crops, wheat, maize",27-10-2025_Minutes of the meeting of CWWG as on 27.10.2025.pdf,CWWG_00002,1
5804,24-10-2025,Kharif,Ragi,Chhattisgarh,,,,,,monitoring is being carried out.,"rice, pests diseases, lakh quintals, fertilizers, fertilizer, kharif, seeds, crops, wheat, maize",27-10-2025_Minutes of the meeting of CWWG as on 27.10.2025.pdf,CWWG_00002,1
5806,24-10-2025,Kharif,Jowar,Chhattisgarh,,,,,,monitoring is being carried out.,"rice, pests diseases, lakh quintals, fertilizers, fertilizer, kharif, seeds, crops, wheat, maize",27-10-2025_Minutes of the meeting of CWWG as on 27.10.2025.pdf,CWWG_00002,1
5807,23.10.2025,,Rice,,,,,,,recommended chemical pesticides having low PHI is recommended to spray.,"rice, pest, recommended chemical, reported advisories, chemical pesticides, incidence reported, advisories issued, pesticides having, recommended spray, going concerned",27-10-2025_Minutes of the meeting of CWWG as on 27.10.2025.pdf,CWWG_00007,8
6003,,,Coconut,Karnataka,,,,,,monitoring is being carried out.,"pests diseases, fertilizer, mustard, crops, whole, economic threshold, wholesale prices, intensity pests, threshold level, mandi wholesale",28-04-2025_Minutes of the meeting of CWWG as on 28.04.2025.pdf,CWWG_00002,1
6004,,,Coconut,Kerala,,,,,,monitoring is being carried out.,"pests diseases, fertilizer, mustard, crops, whole, economic threshold, wholesale prices, intensity pests, threshold level, mandi wholesale",28-04-2025_Minutes of the meeting of CWWG as on 28.04.2025.pdf,CWWG_00002,1
6005,,,Sunflower,Karnataka,,,,,,monitoring is being carried out.,"pests diseases, fertilizer, mustard, crops, whole, economic threshold, wholesale prices, intensity pests, threshold level, mandi wholesale",28-04-2025_Minutes of the meeting of CWWG as on 28.04.2025.pdf,CWWG_00002,1
6006,,,Sunflower,Kerala,,,,,,monitoring is being carried out.,"pests diseases, fertilizer, mustard, crops, whole, economic threshold, wholesale prices, intensity pests, threshold level, mandi wholesale",28-04-2025_Minutes of the meeting of CWWG as on 28.04.2025.pdf,CWWG_00002,1
6007,,,Moong,Karnataka,,,,,,monitoring is being carried out.,"pests diseases, fertilizer, mustard, crops, whole, economic threshold, wholesale prices, intensity pests, threshold level, mandi wholesale",28-04-2025_Minutes of the meeting of CWWG as on 28.04.2025.pdf,CWWG_00002,1
6008,,,Moong,Kerala,,,,,,monitoring is being carried out.,"pests diseases, fertilizer, mustard, crops, whole, economic threshold, wholesale prices, intensity pests, threshold level, mandi wholesale",28-04-2025_Minutes of the meeting of CWWG as on 28.04.2025.pdf,CWWG_00002,1
6009,,,Urad,Karnataka,,,,,,monitoring is being carried out.,"pests diseases, fertilizer, mustard, crops, whole, economic threshold, wholesale prices, intensity pests, threshold level, mandi wholesale",28-04-2025_Minutes of the meeting of CWWG as on 28.04.2025.pdf,CWWG_00002,1
6010,,,Urad,Kerala,,,,,,monitoring is being carried out.,"pests diseases, fertilizer, mustard, crops, whole, economic threshold, wholesale prices, intensity pests, threshold level, mandi wholesale",28-04-2025_Minutes of the meeting of CWWG as on 28.04.2025.pdf,CWWG_00002,1
6011,,,Soybean,Karnataka,,,,,,monitoring is being carried out.,"pests diseases, fertilizer, mustard, crops, whole, economic threshold, wholesale prices, intensity pests, threshold level, mandi wholesale",28-04-2025_Minutes of the meeting of CWWG as on 28.04.2025.pdf,CWWG_00002,1
6012,,,Soybean,Kerala,,,,,,monitoring is being carried out.,"pests diseases, fertilizer, mustard, crops, whole, economic threshold, wholesale prices, intensity pests, threshold level, mandi wholesale",28-04-2025_Minutes of the meeting of CWWG as on 28.04.2025.pdf,CWWG_00002,1
6013,,,Groundnut,Karnataka,,,,,,monitoring is being carried out.,"pests diseases, fertilizer, mustard, crops, whole, economic threshold, wholesale prices, intensity pests, threshold level, mandi wholesale",28-04-2025_Minutes of the meeting of CWWG as on 28.04.2025.pdf,CWWG_00002,1
6014,,,Groundnut,Kerala,,,,,,monitoring is being carried out.,"pests diseases, fertilizer, mustard, crops, whole, economic threshold, wholesale prices, intensity pests, threshold level, mandi wholesale",28-04-2025_Minutes of the meeting of CWWG as on 28.04.2025.pdf,CWWG_00002,1
6015,,,Mustard,Karnataka,,,,,,monitoring is being carried out.,"pests diseases, fertilizer, mustard, crops, whole, economic threshold, wholesale prices, intensity pests, threshold level, mandi wholesale",28-04-2025_Minutes of the meeting of CWWG as on 28.04.2025.pdf,CWWG_00002,1
6016,,,Mustard,Kerala,,,,,,monitoring is being carried out.,"pests diseases, fertilizer, mustard, crops, whole, economic threshold, wholesale prices, intensity pests, threshold level, mandi wholesale",28-04-2025_Minutes of the meeting of CWWG as on 28.04.2025.pdf,CWWG_00002,1
6017,,,Gram,Karnataka,,,,,,monitoring is being carried out.,"pests diseases, fertilizer, mustard, crops, whole, economic threshold, wholesale prices, intensity pests, threshold level, mandi wholesale",28-04-2025_Minutes of the meeting of CWWG as on 28.04.2025.pdf,CWWG_00002,1
6018,,,Gram,Kerala,,,,,,monitoring is being carried out.,"pests diseases, fertilizer, mustard, crops, whole, economic threshold, wholesale prices, intensity pests, threshold level, mandi wholesale",28-04-2025_Minutes of the meeting of CWWG as on 28.04.2025.pdf,CWWG_00002,1
6038,03.04.2025,,Coconut,Karnataka,Chitradurga,,,,,monitoring is being carried out by all field functionaries as follow up action.,"pest, disease, mustard, potato, tomato, wheat, onion, rice, survey, chikkamanagaluru chitradurga",28-04-2025_Minutes of the meeting of CWWG as on 28.04.2025.pdf,CWWG_00011,12
6039,03.04.2025,,Coconut,Kerala,Chitradurga,,,,,monitoring is being carried out by all field functionaries as follow up action.,"pest, disease, mustard, potato, tomato, wheat, onion, rice, survey, chikkamanagaluru chitradurga",28-04-2025_Minutes of the meeting of CWWG as on 28.04.2025.pdf,CWWG_00011,12
6040,03.04.2025,,Tomato,Karnataka,Chitradurga,,,,,monitoring is being carried out by all field functionaries as follow up action.,"pest, disease, mustard, potato, tomato, wheat, onion, rice, survey, chikkamanagaluru chitradurga",28-04-2025_Minutes of the meeting of CWWG as on 28.04.2025.pdf,CWWG_00011,12
6041,03.04.2025,,Tomato,Kerala,Chitradurga,,,,,monitoring is being carried out by all field functionaries as follow up action.,"pest, disease, mustard, potato, tomato, wheat, onion, rice, survey, chikkamanagaluru chitradurga",28-04-2025_Minutes of the meeting of CWWG as on 28.04.2025.pdf,CWWG_00011,12
6042,03.04.2025,,Mustard,Karnataka,Chitradurga,,,,,monitoring is being carried out by all field functionaries as follow up action.,"pest, disease, mustard, potato, tomato, wheat, onion, rice, survey, chikkamanagaluru chitradurga",28-04-2025_Minutes of the meeting of CWWG as on 28.04.2025.pdf,CWWG_00011,12
6043,03.04.2025,,Mustard,Kerala,Chitradurga,,,,,monitoring is being carried out by all field functionaries as follow up action.,"pest, disease, mustard, potato, tomato, wheat, onion, rice, survey, chikkamanagaluru chitradurga",28-04-2025_Minutes of the meeting of CWWG as on 28.04.2025.pdf,CWWG_00011,12
6044,03.04.2025,,Soybean,Karnataka,Chitradurga,,,,,monitoring is being carried out by all field functionaries as follow up action.,"pest, disease, mustard, potato, tomato, wheat, onion, rice, survey, chikkamanagaluru chitradurga",28-04-2025_Minutes of the meeting of CWWG as on 28.04.2025.pdf,CWWG_00011,12
6045,03.04.2025,,Soybean,Kerala,Chitradurga,,,,,monitoring is being carried out by all field functionaries as follow up action.,"pest, disease, mustard, potato, tomato, wheat, onion, rice, survey, chikkamanagaluru chitradurga",28-04-2025_Minutes of the meeting of CWWG as on 28.04.2025.pdf,CWWG_00011,12
6046,03.04.2025,,Groundnut,Karnataka,Chitradurga,,,,,monitoring is being carried out by all field functionaries as follow up action.,"pest, disease, mustard, potato, tomato, wheat, onion, rice, survey, chikkamanagaluru chitradurga",28-04-2025_Minutes of the meeting of CWWG as on 28.04.2025.pdf,CWWG_00011,12
6047,03.04.2025,,Groundnut,Kerala,Chitradurga,,,,,monitoring is being carried out by all field functionaries as follow up action.,"pest, disease, mustard, potato, tomato, wheat, onion, rice, survey, chikkamanagaluru chitradurga",28-04-2025_Minutes of the meeting of CWWG as on 28.04.2025.pdf,CWWG_00011,12
6048,03.04.2025,,Rice,Karnataka,Chitradurga,,,,,monitoring is being carried out by all field functionaries as follow up action.,"pest, disease, mustard, potato, tomato, wheat, onion, rice, survey, chikkamanagaluru chitradurga",28-04-2025_Minutes of the meeting of CWWG as on 28.04.2025.pdf,CWWG_00011,12
6049,03.04.2025,,Rice,Kerala,Chitradurga,,,,,monitoring is being carried out by all field functionaries as follow up action.,"pest, disease, mustard, potato, tomato, wheat, onion, rice, survey, chikkamanagaluru chitradurga",28-04-2025_Minutes of the meeting of CWWG as on 28.04.2025.pdf,CWWG_00011,12
6050,03.04.2025,,Potato,Karnataka,Chitradurga,,,,,monitoring is being carried out by all field functionaries as follow up action.,"pest, disease, mustard, potato, tomato, wheat, onion, rice, survey, chikkamanagaluru chitradurga",28-04-2025_Minutes of the meeting of CWWG as on 28.04.2025.pdf,CWWG_00011,12
6051,03.04.2025,,Potato,Kerala,Chitradurga,,,,,monitoring is being carried out by all field functionaries as follow up action.,"pest, disease, mustard, potato, tomato, wheat, onion, rice, survey, chikkamanagaluru chitradurga",28-04-2025_Minutes of the meeting of CWWG as on 28.04.2025.pdf,CWWG_00011,12
6221,28.07.2025,,Rice,Tamil Nadu,,,,Pre-monsoon,,monitoring wells show water level deeper than 10 m below ground level.,"water, monsoon, level, rice, analysed wells, pests diseases, lakh quintals, groundwater, fertilizers, water level",28-07-2025_Minutes of the meeting of CWWG as on 28.07.2025.pdf,CWWG_00001,1
6222,28.07.2025,,Rice,Haryana,,,,Pre-monsoon,,monitoring wells show water level deeper than 10 m below ground level.,"water, monsoon, level, rice, analysed wells, pests diseases, lakh quintals, groundwater, fertilizers, water level",28-07-2025_Minutes of the meeting of CWWG as on 28.07.2025.pdf,CWWG_00001,1
6223,28.07.2025,,Soybean,Tamil Nadu,,,,Pre-monsoon,,monitoring wells show water level deeper than 10 m below ground level.,"water, monsoon, level, rice, analysed wells, pests diseases, lakh quintals, groundwater, fertilizers, water level",28-07-2025_Minutes of the meeting of CWWG as on 28.07.2025.pdf,CWWG_00001,1
6224,28.07.2025,,Soybean,Haryana,,,,Pre-monsoon,,monitoring wells show water level deeper than 10 m below ground level.,"water, monsoon, level, rice, analysed wells, pests diseases, lakh quintals, groundwater, fertilizers, water level",28-07-2025_Minutes of the meeting of CWWG as on 28.07.2025.pdf,CWWG_00001,1
6225,28.07.2025,,Urad,Tamil Nadu,,,,Pre-monsoon,,monitoring wells show water level deeper than 10 m below ground level.,"water, monsoon, level, rice, analysed wells, pests diseases, lakh quintals, groundwater, fertilizers, water level",28-07-2025_Minutes of the meeting of CWWG as on 28.07.2025.pdf,CWWG_00001,1
6226,28.07.2025,,Urad,Haryana,,,,Pre-monsoon,,monitoring wells show water level deeper than 10 m below ground level.,"water, monsoon, level, rice, analysed wells, pests diseases, lakh quintals, groundwater, fertilizers, water level",28-07-2025_Minutes of the meeting of CWWG as on 28.07.2025.pdf,CWWG_00001,1
6227,28.07.2025,,Moong,Tamil Nadu,,,,Pre-monsoon,,monitoring wells show water level deeper than 10 m below ground level.,"water, monsoon, level, rice, analysed wells, pests diseases, lakh quintals, groundwater, fertilizers, water level",28-07-2025_Minutes of the meeting of CWWG as on 28.07.2025.pdf,CWWG_00001,1
6228,28.07.2025,,Moong,Haryana,,,,Pre-monsoon,,monitoring wells show water level deeper than 10 m below ground level.,"water, monsoon, level, rice, analysed wells, pests diseases, lakh quintals, groundwater, fertilizers, water level",28-07-2025_Minutes of the meeting of CWWG as on 28.07.2025.pdf,CWWG_00001,1
6229,28.07.2025,,Groundnut,Tamil Nadu,,,,Pre-monsoon,,monitoring wells show water level deeper than 10 m below ground level.,"water, monsoon, level, rice, analysed wells, pests diseases, lakh quintals, groundwater, fertilizers, water level",28-07-2025_Minutes of the meeting of CWWG as on 28.07.2025.pdf,CWWG_00001,1
6230,28.07.2025,,Groundnut,Haryana,,,,Pre-monsoon,,monitoring wells show water level deeper than 10 m below ground level.,"water, monsoon, level, rice, analysed wells, pests diseases, lakh quintals, groundwater, fertilizers, water level",28-07-2025_Minutes of the meeting of CWWG as on 28.07.2025.pdf,CWWG_00001,1
6246,25.07.2025,,Rice,,Yamunanagar,,,,,monitoring is being carried out by all field functionaries as follow up action.,"rice, disease, mustard, tomato, potato, wheat, onion, pest, commodities variation, weekly average",28-07-2025_Minutes of the meeting of CWWG as on 28.07.2025.pdf,CWWG_00008,8
6331,18.09.2025,,Rice,Assam,Dibrugarh,,,,,sprayers to farmers at a subsidized rate as an immediate measure.,"commodities variation, variation over, over last, last week, rice, disease, mustard, potato, tomato, wheat",29-09-2025_Minutes of the meeting of CWWG as on 29.09.2025.pdf,CWWG_00010,8
6332,18.09.2025,,Gram,Assam,Dibrugarh,,,,,sprayers to farmers at a subsidized rate as an immediate measure.,"commodities variation, variation over, over last, last week, rice, disease, mustard, potato, tomato, wheat",29-09-2025_Minutes of the meeting of CWWG as on 29.09.2025.pdf,CWWG_00010,8
6333,18.09.2025,,Urad,Assam,Dibrugarh,,,,,sprayers to farmers at a subsidized rate as an immediate measure.,"commodities variation, variation over, over last, last week, rice, disease, mustard, potato, tomato, wheat",29-09-2025_Minutes of the meeting of CWWG as on 29.09.2025.pdf,CWWG_00010,8
